Observation_0,Observation_1,Observation_2,Observation_3,Observation_4,Observation_5,Observation_6,Observation_7,Action
-0.005848217,1.3933175,-0.28978977,-0.4039251,0.0047873845,0.026923636,0.0,0.0,3
-0.008827877,1.3836219,-0.30174226,-0.43093604,0.008529507,0.07484947,0.0,0.0,1
-0.011736775,1.373322,-0.29286972,-0.4577805,0.010488729,0.03918799,0.0,0.0,3
-0.014706898,1.3624192,-0.30055246,-0.48459446,0.013989004,0.0700119,0.0,0.0,1
-0.017563438,1.3522376,-0.28980237,-0.4525601,0.018089652,0.08202063,0.0,0.0,2
-0.02042017,1.3414559,-0.28981423,-0.47924024,0.02218956,0.082005486,0.0,0.0,0
-0.023349095,1.3300694,-0.29887325,-0.5061715,0.02810471,0.118313715,0.0,0.0,1
-0.026358604,1.3180785,-0.30897927,-0.533095,0.036042623,0.15877268,0.0,0.0,1
-0.029556084,1.3060875,-0.32693523,-0.5331296,0.043156452,0.14228967,0.0,0.0,2
-0.032670498,1.2934979,-0.3165111,-0.55968845,0.048176814,0.10041642,0.0,0.0,3
-0.0357851,1.2803087,-0.31652516,-0.58635646,0.05319697,0.10041217,0.0,0.0,0
-0.038826942,1.2665203,-0.3073991,-0.61294395,0.056384694,0.063760325,0.0,0.0,3
-0.04177208,1.2521325,-0.2952906,-0.6394783,0.057145078,0.015209427,0.0,0.0,3
-0.044809055,1.2371399,-0.30678594,-0.66646165,0.060212467,0.061353184,0.0,0.0,1
-0.047912024,1.221544,-0.31507686,-0.69335496,0.064939514,0.09454962,0.0,0.0,1
-0.051226236,1.2066014,-0.33544502,-0.6642996,0.06893141,0.0798451,0.0,0.0,2
-0.05447769,1.1910684,-0.3275645,-0.690468,0.07133307,0.04803761,0.0,0.0,3
-0.057825565,1.1749314,-0.33965522,-0.7174399,0.076157995,0.09650736,0.0,0.0,1
-0.06127243,1.1581935,-0.3520621,-0.74429387,0.08346187,0.14609095,0.0,0.0,1
-0.06465759,1.1420838,-0.3464869,-0.71645087,0.09137056,0.15818807,0.0,0.0,2
-0.06804304,1.1253746,-0.34650737,-0.7431356,0.09927805,0.15816389,0.0,0.0,0
-0.071428776,1.1080661,-0.34652936,-0.7698077,0.107184604,0.15814546,0.0,0.0,0
-0.07474051,1.0901637,-0.3372498,-0.796108,0.11322243,0.12076719,0.0,0.0,3
-0.07812452,1.0716512,-0.3462959,-0.8233877,0.121083215,0.15722963,0.0,0.0,1
-0.08150701,1.0525186,-0.34614316,-0.85101,0.12894282,0.15719214,0.0,0.0,0
-0.0848917,1.0333815,-0.34659287,-0.8512543,0.1370279,0.16170132,0.0,0.0,2
-0.08857536,1.0150762,-0.37570298,-0.81426036,0.144346,0.14636233,0.0,0.0,2
-0.09225903,0.9961717,-0.37570205,-0.8409315,0.1516641,0.14636193,0.0,0.0,0
-0.09586916,0.9766936,-0.36642712,-0.86625457,0.15706916,0.10810149,0.0,0.0,3
-0.0993927,0.95662737,-0.35555577,-0.89217204,0.16027969,0.064210534,0.0,0.0,3
-0.102916144,0.93596137,-0.3555556,-0.9188395,0.16349019,0.064210355,0.0,0.0,0
-0.1065341,0.91467535,-0.36742616,-0.94667184,0.16911788,0.11255393,0.0,0.0,1
-0.1100625,0.8928227,-0.35611144,-0.9716043,0.17240147,0.06567166,0.0,0.0,3
-0.113932036,0.87178504,-0.38941884,-0.93530345,0.17487842,0.049538888,0.0,0.0,2
-0.11770878,0.8501819,-0.37773123,-0.9601435,0.17493021,0.001035793,0.0,0.0,3
-0.12151003,0.8292436,-0.38074288,-0.9306562,0.1755492,0.012378983,0.0,0.0,2
-0.12531137,0.8077056,-0.38074288,-0.95732284,0.17616814,0.012378981,0.0,0.0,0
-0.12911263,0.7855674,-0.38074288,-0.9839895,0.1767871,0.012378964,0.0,0.0,0
-0.13291387,0.7628294,-0.38074285,-1.0106561,0.17740604,0.012378933,0.0,0.0,0
-0.13669482,0.7401411,-0.37915683,-1.0084957,0.17847091,0.021297388,0.0,0.0,2
-0.14055261,0.7176088,-0.38690653,-1.0015705,0.17959951,0.022572327,0.0,0.0,2
-0.14441042,0.69447654,-0.3869065,-1.0282372,0.18072812,0.022572294,0.0,0.0,0
-0.14826822,0.67074424,-0.38690647,-1.054904,0.18185672,0.022572294,0.0,0.0,0
-0.15210065,0.6477004,-0.3851983,-1.0244083,0.18381912,0.03924743,0.0,0.0,2
-0.15601473,0.6240355,-0.3954537,-1.0522872,0.18788438,0.08130553,0.0,0.0,1
-0.16004495,0.60040563,-0.40691465,-1.0507127,0.19178699,0.078052156,0.0,0.0,2
-0.16407537,0.5761759,-0.4069143,-1.0773805,0.19568959,0.078052,0.0,0.0,0
-0.16827822,0.5523423,-0.4239777,-1.0597641,0.19940636,0.07433523,0.0,0.0,2
-0.17241725,0.5279228,-0.4159762,-1.085594,0.2014899,0.041670777,0.0,0.0,3
-0.17647132,0.50292873,-0.40529695,-1.1108301,0.20136982,-0.0024013438,0.0,0.0,3
-0.1806016,0.4773049,-0.41489917,-1.1390928,0.20325461,0.03769589,0.0,0.0,1
-0.18465242,0.4511028,-0.40491718,-1.1645163,0.20308673,-0.003357416,0.0,0.0,3
-0.18879977,0.4242827,-0.41700712,-1.1923169,0.2053765,0.04579552,0.0,0.0,1
-0.19288988,0.39689127,-0.40975222,-1.2175012,0.20612949,0.015059608,0.0,0.0,3
-0.19698,0.36889988,-0.40975222,-1.2441678,0.20688248,0.015059633,0.0,0.0,0
-0.20107003,0.34030846,-0.4097522,-1.2708344,0.20763546,0.015059603,0.0,0.0,0
-0.20516005,0.31111702,-0.4097522,-1.2975011,0.20838842,0.015059518,0.0,0.0,0
-0.20918831,0.28134692,-0.40197054,-1.3229941,0.20752494,-0.017269474,0.0,0.0,3
-0.21315074,0.25100136,-0.39366966,-1.3483344,0.20493142,-0.051870275,0.0,0.0,3
-0.21717009,0.2200289,-0.40087062,-1.376408,0.20385817,-0.02146507,0.0,0.0,1
-0.22126932,0.1884425,-0.41086513,-1.4039723,0.20481347,0.019106118,0.0,0.0,1
-0.2253222,0.15706588,-0.40694833,-1.3947502,0.20648602,0.033450954,0.0,0.0,2
-0.22945437,0.12505682,-0.41695723,-1.4231489,0.2102547,0.07537371,0.0,0.0,1
-0.23365001,0.0924167,-0.42498344,-1.4514548,0.21572484,0.10940274,0.0,1.0,1
-0.23582725,0.062375102,-0.21568148,-1.3353704,0.21685712,0.026470423,0.0,1.0,1
-0.23585501,0.039625105,0.67627627,-0.39853296,0.15303418,-2.5032527,0.0,1.0,1
-0.0042981147,1.3999763,-0.22210053,-0.25598893,0.006446477,0.07973139,0.0,0.0,1
-0.0064789774,1.3936166,-0.22211304,-0.2826704,0.010430335,0.07968457,0.0,0.0,0
-0.008567619,1.3866621,-0.21055451,-0.30909818,0.01209294,0.03325527,0.0,0.0,3
-0.010656452,1.3791077,-0.21055868,-0.33576676,0.013756308,0.0332706,0.0,0.0,0
-0.012890625,1.3716316,-0.22443025,-0.33227608,0.014753629,0.019948268,0.0,0.0,2
-0.015192509,1.3635437,-0.2329293,-0.359493,0.017457739,0.054087162,0.0,0.0,1
-0.017494584,1.3548559,-0.23293808,-0.38615915,0.02016041,0.054058414,0.0,0.0,0
-0.019714737,1.34558,-0.22266626,-0.4122719,0.020798322,0.012759373,0.0,0.0,3
-0.022023868,1.335701,-0.23382421,-0.43910202,0.023674313,0.05752509,0.0,0.0,1
-0.024427127,1.3252231,-0.24561632,-0.46578327,0.02890996,0.10472242,0.0,0.0,1
-0.026924992,1.3141506,-0.25747544,-0.49228725,0.036515392,0.15212265,0.0,0.0,1
-0.029423142,1.3024786,-0.25749797,-0.5189606,0.044119142,0.15208887,0.0,0.0,0
-0.031921484,1.2902074,-0.25752014,-0.5456337,0.051722214,0.15207525,0.0,0.0,0
-0.03436928,1.2788548,-0.25295419,-0.5048552,0.059809215,0.16175489,0.0,0.0,2
-0.036751557,1.2669003,-0.24471858,-0.5315849,0.0662437,0.12870133,0.0,0.0,3
-0.039063454,1.2543417,-0.23589826,-0.55837655,0.07091398,0.09341394,0.0,0.0,3
-0.041375447,1.2411833,-0.23591082,-0.5850471,0.07558394,0.09340768,0.0,0.0,0
-0.04368763,1.2274252,-0.23592377,-0.61171794,0.080252804,0.093385786,0.0,0.0,0
-0.046140574,1.2143428,-0.24966192,-0.5816731,0.08458421,0.08663558,0.0,0.0,2
-0.04869776,1.2019179,-0.25992316,-0.5524694,0.08876167,0.08355677,0.0,0.0,2
-0.051157188,1.1888946,-0.24767503,-0.57891077,0.09048454,0.03446006,0.0,0.0,3
-0.053623676,1.1763445,-0.24865642,-0.55791116,0.092475615,0.03982503,0.0,0.0,2
-0.056316566,1.1645366,-0.27062744,-0.52487886,0.0938028,0.0265461,0.0,0.0,2
-0.05892601,1.1521348,-0.26016587,-0.5511423,0.0930293,-0.015471312,0.0,0.0,3
-0.0614501,1.1391146,-0.24950238,-0.5784964,0.09014774,-0.057631046,0.0,0.0,3
-0.06388769,1.1254954,-0.23866351,-0.6049977,0.08509882,-0.10097851,0.0,0.0,3
-0.066456415,1.1121123,-0.2513909,-0.5945091,0.079664156,-0.10869324,0.0,0.0,2
-0.069097616,1.0981284,-0.26045644,-0.62131196,0.07604328,-0.07241749,0.0,0.0,1
-0.07173872,1.0835447,-0.2604563,-0.6479797,0.072422415,-0.07241726,0.0,0.0,0
-0.074459076,1.0683562,-0.27038497,-0.6749745,0.07079366,-0.032575093,0.0,0.0,1
-0.077258684,1.0525489,-0.28034818,-0.7025636,0.071179904,0.0077250586,0.0,0.0,1
-0.08005829,1.0361416,-0.2803482,-0.7292303,0.07156616,0.007724998,0.0,0.0,0
-0.08285789,1.0191344,-0.2803482,-0.7558969,0.07195242,0.0077249035,0.0,0.0,0
-0.085734084,1.0015197,-0.28995806,-0.78299433,0.074269906,0.046349715,0.0,0.0,1
-0.08872414,0.984768,-0.301161,-0.74462837,0.07639616,0.042524938,0.0,0.0,2
-0.091607094,0.9685032,-0.2911924,-0.7230228,0.07927281,0.057533003,0.0,0.0,2
-0.094489954,0.95163876,-0.29119232,-0.74969023,0.08214946,0.057532974,0.0,0.0,0
-0.09745417,0.9341709,-0.3013844,-0.7766283,0.0870687,0.0983849,0.0,0.0,1
-0.100330636,0.91611904,-0.2903706,-0.8024637,0.089763254,0.05389105,0.0,0.0,3
-0.1031456,0.89746785,-0.2826491,-0.8290131,0.09091378,0.023010459,0.0,0.0,3
-0.10611477,0.8793859,-0.2976899,-0.8036936,0.09168066,0.015337581,0.0,0.0,2
-0.109083846,0.8607039,-0.29768994,-0.8303603,0.09244754,0.015337601,0.0,0.0,0
-0.11195888,0.8414247,-0.2858879,-0.856757,0.09085166,-0.031917978,0.0,0.0,3
-0.114859864,0.82307357,-0.28879556,-0.8155235,0.08956338,-0.025765654,0.0,0.0,2
-0.11769285,0.80412185,-0.28028256,-0.8421291,0.0865751,-0.059765875,0.0,0.0,3
-0.120451644,0.78457016,-0.27098727,-0.86868536,0.08172871,-0.09692755,0.0,0.0,3
-0.12328949,0.7649886,-0.27867317,-0.8700238,0.07666095,-0.10135491,0.0,0.0,2
-0.12612744,0.74480724,-0.27867293,-0.89669263,0.07159321,-0.10135472,0.0,0.0,0
-0.12888375,0.72402877,-0.26843074,-0.9231541,0.06447407,-0.14238293,0.0,0.0,3
-0.13160333,0.70343155,-0.26509285,-0.91515416,0.05767904,-0.13590069,0.0,0.0,2
-0.13423738,0.6822381,-0.25435823,-0.9416162,0.048733376,-0.17891307,0.0,0.0,3
-0.13695583,0.6604275,-0.26494747,-0.9691486,0.04192188,-0.13622987,0.0,0.0,1
-0.13979892,0.639075,-0.27696663,-0.948818,0.034670744,-0.14502269,0.0,0.0,2
-0.14264202,0.61712307,-0.2769664,-0.9754892,0.027419649,-0.14502218,0.0,0.0,0
-0.14541617,0.59458035,-0.26831678,-1.0017582,0.018432867,-0.17973569,0.0,0.0,3
-0.14819041,0.5714387,-0.26831654,-1.0284315,0.009446132,-0.17973468,0.0,0.0,0
-0.15088233,0.5477051,-0.257995,-1.0547918,-0.0016085883,-0.22109456,0.0,0.0,3
-0.1534975,0.52337795,-0.24836412,-1.0812683,-0.014591813,-0.2596645,0.0,0.0,3
-0.15603685,0.49844077,-0.23884606,-1.1085352,-0.029484086,-0.29784554,0.0,0.0,3
-0.15867071,0.47291866,-0.25072882,-1.1346118,-0.041990884,-0.25013593,0.0,0.0,1
-0.16136618,0.44679594,-0.2584598,-1.1613524,-0.052951798,-0.21921813,0.0,0.0,1
-0.16413832,0.42006993,-0.26805457,-1.188174,-0.06199689,-0.18090197,0.0,0.0,1
-0.16699323,0.39275903,-0.27847552,-1.214123,-0.06894212,-0.13890435,0.0,0.0,1
-0.16984816,0.36484882,-0.27847594,-1.2407937,-0.075887315,-0.13890384,0.0,0.0,0
-0.17262182,0.33633256,-0.26829904,-1.2678734,-0.08487649,-0.17978348,0.0,0.0,3
-0.1754838,0.30722266,-0.27935958,-1.2941762,-0.09164688,-0.13540776,0.0,0.0,1
-0.17839232,0.27866185,-0.28348032,-1.2698388,-0.098956466,-0.14619152,0.0,0.0,2
-0.18130073,0.24950173,-0.28348097,-1.2965099,-0.106266014,-0.14619097,0.0,0.0,0
-0.18400069,0.22124285,-0.26310265,-1.2564559,-0.11310759,-0.13683158,0.0,0.0,2
-0.18670043,0.19238456,-0.26310328,-1.2831264,-0.11994916,-0.13683113,0.0,0.0,0
-0.18929224,0.16418703,-0.25233346,-1.2537903,-0.12675986,-0.13621426,0.0,0.0,2
-0.191817,0.13538761,-0.24393253,-1.2807225,-0.13525198,-0.16984275,0.0,0.0,3
-0.19434147,0.105989106,-0.24393372,-1.3073953,-0.14374408,-0.16984192,0.0,0.0,0
-0.19686595,0.07599157,-0.24393499,-1.334068,-0.15223613,-0.16984107,0.0,0.0,0
-0.19928455,0.045943316,-0.233584,-1.3363423,-0.16050099,-0.16529718,0.0,0.0,2
-0.2017816,0.015305695,-0.24343355,-1.3623627,-0.16677965,-0.12557332,1.0,1.0,1
-0.20415601,-0.014158013,-0.2349592,-1.3095591,-0.1710888,-0.088559255,1.0,1.0,1
-0.20467992,-0.026104322,0.052695192,-0.00572128,-0.2108902,0.03709963,1.0,1.0,3
-0.011553859,1.3873906,-0.5779813,-0.53549385,0.011208245,0.08917827,0.0,0.0,3
-0.01728878,1.374742,-0.57799524,-0.56220096,0.015664201,0.08912757,0.0,0.0,0
-0.022948455,1.3614967,-0.56856,-0.5887041,0.018223565,0.051191945,0.0,0.0,3
-0.028525924,1.3490756,-0.5608083,-0.5520932,0.021260057,0.06073553,0.0,0.0,2
-0.03427639,1.3367803,-0.57733434,-0.54648435,0.023517283,0.045148686,0.0,0.0,2
-0.039940547,1.3238906,-0.56650037,-0.5728803,0.023599729,0.001648888,0.0,0.0,3
-0.045604706,1.310401,-0.5664996,-0.5995456,0.02368277,0.0016610343,0.0,0.0,0
-0.05136633,1.2963089,-0.57871675,-0.6263573,0.026215237,0.05065403,0.0,0.0,1
-0.057041265,1.281632,-0.5678447,-0.6523136,0.026558746,0.006870876,0.0,0.0,3
-0.0627162,1.266355,-0.5678443,-0.678982,0.026903689,0.006899266,0.0,0.0,0
-0.06846447,1.2504816,-0.57703906,-0.70552653,0.0290891,0.04371227,0.0,0.0,1
-0.074150465,1.2340219,-0.56921095,-0.7315603,0.029696574,0.012150804,0.0,0.0,3
-0.0799943,1.2179596,-0.58434194,-0.7138706,0.029653063,-0.00087047386,0.0,0.0,2
-0.08581257,1.2023156,-0.5819971,-0.69529617,0.029824654,0.003431946,0.0,0.0,2
-0.091712475,1.1860609,-0.5922495,-0.72247106,0.032055046,0.04461219,0.0,0.0,1
-0.097733304,1.1698371,-0.6038332,-0.72109675,0.033780016,0.034502827,0.0,0.0,2
-0.10375424,1.1530132,-0.60383743,-0.74777025,0.03550563,0.034515373,0.0,0.0,0
-0.10978842,1.1370777,-0.60526454,-0.70829505,0.037333116,0.03655287,0.0,0.0,2
-0.1158226,1.1205417,-0.60526943,-0.7349756,0.039160255,0.03654643,0.0,0.0,0
-0.12185688,1.1034058,-0.60527486,-0.7616403,0.040987168,0.036541693,0.0,0.0,0
-0.12808314,1.0867634,-0.6237098,-0.73969597,0.042059086,0.021440368,0.0,0.0,2
-0.13430949,1.0695207,-0.62371176,-0.76637346,0.043131564,0.021451455,0.0,0.0,0
-0.14053574,1.051678,-0.62371516,-0.7930396,0.044203524,0.021441285,0.0,0.0,0
-0.14664383,1.0342611,-0.61259097,-0.77414435,0.045962155,0.035175696,0.0,0.0,2
-0.15277787,1.0173433,-0.61521316,-0.75195795,0.047756176,0.035880495,0.0,0.0,2
-0.1589119,0.99982554,-0.6152132,-0.7786249,0.049550205,0.035880584,0.0,0.0,0
-0.1649104,0.9823783,-0.6024081,-0.7755215,0.05207181,0.050432134,0.0,0.0,2
-0.1708208,0.96432585,-0.5913564,-0.8023414,0.05238621,0.006288091,0.0,0.0,3
-0.17664242,0.9456724,-0.5802217,-0.82898104,0.050473284,-0.038258415,0.0,0.0,3
-0.18238536,0.9264175,-0.5703598,-0.8556452,0.046587903,-0.07770783,0.0,0.0,3
-0.18812828,0.9065629,-0.5703598,-0.8823131,0.04270252,-0.07770785,0.0,0.0,0
-0.1938713,0.88610846,-0.5703597,-0.908981,0.038817134,-0.077707745,0.0,0.0,0
-0.19953927,0.8650685,-0.5609549,-0.934967,0.03303968,-0.11554897,0.0,0.0,3
-0.20529647,0.84341425,-0.5721475,-0.96233267,0.029511286,-0.07056801,0.0,0.0,1
-0.21123147,0.8225827,-0.5892214,-0.9257704,0.025289522,-0.08443533,0.0,0.0,2
-0.21734557,0.8021872,-0.6063814,-0.9063896,0.020319318,-0.099403955,0.0,0.0,2
-0.22353144,0.78120047,-0.6153735,-0.93269765,0.017146774,-0.06345095,0.0,0.0,1
-0.2297173,0.75961405,-0.6153735,-0.9593651,0.013974222,-0.063450895,0.0,0.0,0
-0.23590317,0.73742765,-0.6153735,-0.98603266,0.010801684,-0.06345084,0.0,0.0,0
-0.24214903,0.71517193,-0.6211111,-0.9891224,0.00736889,-0.068655744,0.0,0.0,2
-0.24839492,0.69231635,-0.62111104,-1.0157901,0.003936105,-0.06865572,0.0,0.0,0
-0.25455695,0.6688521,-0.6105926,-1.0428492,-0.0016025314,-0.1107728,0.0,0.0,3
-0.26080307,0.6447787,-0.6211383,-1.0699323,-0.0050294753,-0.068538964,0.0,0.0,1
-0.26704916,0.6201057,-0.6211383,-1.0966,-0.008456416,-0.068538785,0.0,0.0,0
-0.27332148,0.5957615,-0.623611,-1.0819887,-0.012029394,-0.07145955,0.0,0.0,2
-0.2795938,0.5708174,-0.623611,-1.1086563,-0.015602364,-0.07145952,0.0,0.0,0
-0.2857984,0.5452802,-0.61511886,-1.1350543,-0.020874199,-0.105436705,0.0,0.0,3
-0.2920969,0.52043945,-0.6239899,-1.1041248,-0.026664812,-0.115812205,0.0,0.0,2
-0.29848367,0.49499604,-0.6350509,-1.1308886,-0.030242043,-0.071544625,0.0,0.0,1
-0.30477485,0.4689379,-0.62305796,-1.1582731,-0.036228154,-0.11972233,0.0,0.0,3
-0.31113976,0.44228733,-0.6323102,-1.1845735,-0.04035754,-0.0825878,0.0,0.0,1
-0.31750464,0.4150371,-0.63231033,-1.2112416,-0.044486925,-0.082587674,0.0,0.0,0
-0.32386956,0.38718697,-0.63231045,-1.2379097,-0.04861631,-0.082587615,0.0,0.0,0
-0.33029217,0.3593203,-0.63772535,-1.2386729,-0.05310018,-0.08967753,0.0,0.0,2
-0.3367761,0.33085108,-0.6454104,-1.2654091,-0.056048594,-0.058968246,0.0,0.0,1
-0.34333473,0.30178177,-0.6547724,-1.2920089,-0.057123683,-0.021501755,0.0,0.0,1
-0.34994897,0.27344579,-0.65984404,-1.2594388,-0.05869156,-0.031357467,0.0,0.0,2
-0.3566584,0.24451154,-0.6717739,-1.2859337,-0.057870638,0.016418416,0.0,0.0,1
-0.36327568,0.21496183,-0.66019905,-1.3133811,-0.059380967,-0.030206611,0.0,0.0,3
-0.36981946,0.18480392,-0.6509742,-1.340491,-0.06274539,-0.06728844,0.0,0.0,3
-0.3763632,0.15404613,-0.65097433,-1.3671587,-0.06610982,-0.06728844,0.0,0.0,0
-0.38276163,0.12335945,-0.6369814,-1.3639799,-0.06894061,-0.056615748,0.0,0.0,2
-0.38923246,0.09207059,-0.6460526,-1.3906643,-0.06995957,-0.020379338,0.0,0.0,1
-0.39570326,0.0601817,-0.6460526,-1.417331,-0.070978545,-0.020379458,0.0,0.0,0
-0.4021741,0.027692923,-0.64605254,-1.4439976,-0.07199751,-0.020379342,0.0,1.0,0
-0.4080121,-0.0042105936,-0.56024367,-1.4194776,-0.091505356,-0.38529235,1.0,1.0,3
-0.4114409,-0.018579544,-0.11556004,-0.05670398,-0.2729552,0.39854127,1.0,1.0,2
0.015493011,1.400145,0.78009593,-0.22427599,-0.018253082,-0.18478686,0.0,0.0,2
0.023105811,1.3945097,0.768194,-0.25056428,-0.025090959,-0.13676994,0.0,0.0,1
0.030836105,1.3896301,0.7794834,-0.21699429,-0.03147479,-0.1276884,0.0,0.0,2
0.038546372,1.3848867,0.7776519,-0.21096995,-0.038027633,-0.13106896,0.0,0.0,2
0.046137713,1.3807427,0.76648223,-0.18438464,-0.04529246,-0.14531028,0.0,0.0,2
0.05382528,1.3759971,0.7785193,-0.21123329,-0.05496525,-0.19347371,0.0,0.0,3
0.061445713,1.3706573,0.7700879,-0.23763974,-0.062936656,-0.1594421,0.0,0.0,1
0.06906633,1.3647184,0.7701095,-0.2643133,-0.07090802,-0.15944208,0.0,0.0,0
0.07677593,1.3581724,0.78125274,-0.29144764,-0.08111388,-0.20413601,0.0,0.0,3
0.08448591,1.3510277,0.7812823,-0.3181248,-0.09131712,-0.20408344,0.0,0.0,0
0.09213114,1.3432889,0.7731481,-0.34449482,-0.09987916,-0.17125638,0.0,0.0,1
0.099846266,1.3349307,0.78191525,-0.372197,-0.11022329,-0.20690152,0.0,0.0,3
0.10780831,1.3275124,0.8059605,-0.330456,-0.11994001,-0.19435212,0.0,0.0,2
0.11586638,1.3194838,0.8179823,-0.35785094,-0.13207516,-0.24272478,0.0,0.0,3
0.123949334,1.3123314,0.8209553,-0.31905073,-0.1447007,-0.25253385,0.0,0.0,2
0.13226119,1.3054171,0.84312135,-0.30850476,-0.15664086,-0.23882487,0.0,0.0,2
0.14066601,1.2978774,0.85478795,-0.33666533,-0.17096996,-0.28660792,0.0,0.0,3
0.14916077,1.289719,0.8660202,-0.36459073,-0.18758512,-0.33233386,0.0,0.0,3
0.15765648,1.2809639,0.8660628,-0.39128652,-0.20419706,-0.332269,0.0,0.0,0
0.16635819,1.2727095,0.88635886,-0.36918232,-0.22056124,-0.32731313,0.0,0.0,2
0.17514515,1.2638371,0.8969728,-0.39716843,-0.23909643,-0.37073737,0.0,0.0,3
0.18429002,1.2555541,0.93193257,-0.3710769,-0.25688607,-0.35582513,0.0,0.0,2
0.19338894,1.2472728,0.9279278,-0.371313,-0.2753551,-0.36941403,0.0,0.0,2
0.20248929,1.2383958,0.9279684,-0.3980178,-0.29382008,-0.36933297,0.0,0.0,0
0.21151495,1.2289534,0.91899663,-0.42307717,-0.31081718,-0.33995408,0.0,0.0,1
0.22048302,1.2189273,0.91117,-0.44875154,-0.32574028,-0.29846165,0.0,0.0,1
0.22945166,1.2083038,0.9111613,-0.47543606,-0.3406631,-0.29845712,0.0,0.0,0
0.23863001,1.1979238,0.9320199,-0.46475643,-0.35554004,-0.2975392,0.0,0.0,2
0.24787731,1.1869117,0.9406029,-0.49345097,-0.37229416,-0.3350826,0.0,0.0,3
0.25721473,1.1752616,0.95179063,-0.52259743,-0.3914747,-0.3836115,0.0,0.0,3
0.2666444,1.1629729,0.9631635,-0.5518816,-0.413136,-0.4332264,0.0,0.0,3
0.27613991,1.1500462,0.9712821,-0.58104557,-0.4366632,-0.47054443,0.0,0.0,3
0.28604937,1.1377106,1.0122727,-0.55507076,-0.46000785,-0.4668928,0.0,0.0,2
0.295961,1.1247813,1.0122429,-0.58177876,-0.48335162,-0.46687526,0.0,0.0,0
0.3058749,1.1112584,1.0122116,-0.60848635,-0.5066945,-0.46685773,0.0,0.0,0
0.31586486,1.0970762,1.0215969,-0.63891023,-0.53236705,-0.5134512,0.0,0.0,3
0.32577124,1.0823643,1.0106586,-0.6619045,-0.5554453,-0.46156567,0.0,0.0,1
0.3357544,1.0670005,1.0199955,-0.6920374,-0.58079964,-0.5070883,0.0,0.0,3
0.34574088,1.0510435,1.0199518,-0.71874976,-0.60615295,-0.50706583,0.0,0.0,0
0.3558054,1.034409,1.0295327,-0.75026256,-0.6341228,-0.55939686,0.0,0.0,3
0.3658084,1.0172509,1.0211385,-0.7730462,-0.6598655,-0.51485366,0.0,0.0,1
0.3757616,0.9995623,1.0142305,-0.79615295,-0.6836875,-0.4764402,0.0,0.0,1
0.3856575,0.9813429,1.0065299,-0.81913745,-0.705433,-0.4349113,0.0,0.0,1
0.39624166,0.9634004,1.0745406,-0.80677545,-0.72650796,-0.4214979,0.0,0.0,2
0.40688068,0.9447867,1.0812719,-0.837782,-0.74967706,-0.46338263,0.0,0.0,3
0.41756278,0.9255118,1.0864964,-0.8682726,-0.7745934,-0.49832726,0.0,0.0,3
0.428979,0.90661097,1.1592267,-0.85178417,-0.79918385,-0.49180865,0.0,0.0,2
0.44045296,0.88702685,1.1661992,-0.8836022,-0.8261391,-0.5391044,0.0,0.0,3
0.451976,0.866785,1.171778,-0.9140994,-0.85491073,-0.57543284,0.0,0.0,3
0.4636801,0.84650147,1.189728,-0.9167048,-0.88443,-0.5903851,0.0,0.0,2
0.47533074,0.82572645,1.1820376,-0.9374884,-0.91125035,-0.53640777,0.0,0.0,1
0.48750228,0.8048703,1.2334126,-0.9412681,-0.9378587,-0.53216684,0.0,0.0,2
0.49972877,0.7833275,1.2397308,-0.9734122,-0.96687865,-0.58039945,0.0,0.0,3
0.51196134,0.7611909,1.239644,-1.00012,-0.99589694,-0.5803658,0.0,0.0,0
0.5242003,0.7384605,1.2395555,-1.0268263,-1.0249135,-0.58033204,0.0,0.0,0
0.5364456,0.7151359,1.2394651,-1.0535308,-1.0539285,-0.58029836,0.0,0.0,0
0.5486975,0.6912167,1.2393732,-1.0802335,-1.0829418,-0.5802647,0.0,0.0,0
0.5609107,0.66681004,1.2335556,-1.1005584,-1.1092905,-0.5269744,0.0,0.0,1
0.57312936,0.64180744,1.2334774,-1.1272519,-1.1356379,-0.5269491,0.0,0.0,0
0.5853214,0.6163284,1.2290471,-1.1469067,-1.159208,-0.4714063,0.0,0.0,1
0.59751827,0.59025234,1.2289829,-1.1735929,-1.1827775,-0.47138825,0.0,0.0,0
0.6097525,0.5634745,1.2331369,-1.2064961,-1.2088376,-0.5212053,0.0,0.0,3
0.62199247,0.53609973,1.233057,-1.2331837,-1.2348965,-0.52118075,0.0,0.0,0
0.6349785,0.5082486,1.3067384,-1.2540077,-1.2601783,-0.5056362,0.0,0.0,2
0.6479696,0.47980013,1.3066617,-1.2806914,-1.285459,-0.5056139,0.0,0.0,0
0.6609665,0.4507541,1.3065842,-1.3073739,-1.3107386,-0.50559163,0.0,0.0,0
0.6739687,0.42111027,1.3065063,-1.3340552,-1.336017,-0.50556934,0.0,0.0,0
0.68696386,0.390993,1.3045911,-1.3533442,-1.3584962,-0.44958353,0.0,0.0,1
0.69996357,0.36027718,1.3045287,-1.3800204,-1.3809745,-0.44956785,0.0,0.0,0
0.71299344,0.3288279,1.3075892,-1.4147519,-1.4065552,-0.51161325,0.0,0.0,3
0.7260456,0.29664797,1.3095807,-1.4492993,-1.4351325,-0.57154685,0.0,0.0,3
0.7395775,0.2637907,1.3566699,-1.4791183,-1.4631726,-0.5608021,0.0,0.0,2
0.75372505,0.23063643,1.4175076,-1.4927919,-1.4918338,-0.5732257,0.0,0.0,2
0.76786673,0.19698752,1.4159436,-1.513227,-1.518124,-0.5258044,0.0,0.0,1
0.78201234,0.16286853,1.4155693,-1.5321743,-1.5414999,-0.46751842,0.0,0.0,1
0.7972063,0.12818772,1.5198562,-1.557138,-1.5648509,-0.46702066,1.0,0.0,2
0.8137493,0.10297917,1.6073511,-1.2996303,-1.7855293,-4.130079,1.0,0.0,3
0.83165437,0.07648924,1.7039492,-1.3347813,-2.0022078,-4.1249113,1.0,0.0,2
0.8507103,0.05212499,1.755072,-1.2428364,-2.2681985,-5.279297,1.0,0.0,2
0.87120646,0.03159858,2.1761181,-0.42201677,-2.5088766,-3.2784932,1.0,0.0,0
-0.009277058,1.4058933,-0.46918544,-0.12455546,0.01064006,0.105183996,0.0,0.0,0
-0.013833905,1.4024962,-0.45890707,-0.151011,0.013830457,0.06381377,0.0,0.0,3
-0.018236065,1.3997296,-0.44424945,-0.123005316,0.017817296,0.07974416,0.0,0.0,2
-0.022711754,1.3973274,-0.45128927,-0.10680358,0.02150625,0.073785976,0.0,0.0,2
-0.027250195,1.3943244,-0.45917064,-0.13356113,0.026773771,0.10535966,0.0,0.0,1
-0.031712342,1.3907263,-0.44958082,-0.15997833,0.030111719,0.06676503,0.0,0.0,3
-0.036090184,1.3865324,-0.4390226,-0.18642206,0.0313299,0.024365533,0.0,0.0,3
-0.040395834,1.3817474,-0.42994827,-0.21265745,0.030724443,-0.012109943,0.0,0.0,3
-0.044826888,1.3777479,-0.4420321,-0.17772858,0.02965779,-0.021335071,0.0,0.0,2
-0.049220942,1.3741406,-0.4385983,-0.16031013,0.028859388,-0.015969437,0.0,0.0,2
-0.05381136,1.3710793,-0.45740023,-0.13602333,0.027235385,-0.032483164,0.0,0.0,2
-0.05833893,1.367431,-0.44951564,-0.16208838,0.02402752,-0.06416312,0.0,0.0,3
-0.06294946,1.3631902,-0.4599189,-0.1884718,0.022904303,-0.022465985,0.0,0.0,1
-0.06747017,1.3583578,-0.44865996,-0.21472278,0.019521024,-0.06767155,0.0,0.0,3
-0.071967885,1.3534601,-0.4464911,-0.21763416,0.01628037,-0.06481917,0.0,0.0,2
-0.07646541,1.3479625,-0.4464817,-0.24430776,0.013039601,-0.064820915,0.0,0.0,0
-0.08089075,1.3418581,-0.43743402,-0.2712717,0.007989832,-0.10100436,0.0,0.0,3
-0.08531408,1.3363376,-0.43726486,-0.24533783,0.0029795847,-0.1002142,0.0,0.0,2
-0.089663506,1.3302178,-0.42799133,-0.27199525,-0.0038854377,-0.1373127,0.0,0.0,3
-0.09408722,1.3235029,-0.43732947,-0.29846296,-0.008873396,-0.09976796,0.0,0.0,1
-0.098585606,1.3161778,-0.446699,-0.32558024,-0.011983546,-0.062208585,0.0,0.0,1
-0.10314932,1.3082486,-0.45488057,-0.35242176,-0.013454015,-0.029411832,0.0,0.0,1
-0.107614234,1.2997258,-0.4425071,-0.37883753,-0.01740089,-0.078944415,0.0,0.0,3
-0.11214733,1.2906065,-0.45105046,-0.40533015,-0.01963114,-0.044608857,0.0,0.0,1
-0.11674557,1.280878,-0.45920864,-0.4323832,-0.02022832,-0.011943879,0.0,0.0,1
-0.121265605,1.2705575,-0.44942164,-0.4587223,-0.022782616,-0.05108553,0.0,0.0,3
-0.12585668,1.2596507,-0.45833698,-0.48476133,-0.023546498,-0.015277622,0.0,0.0,1
-0.13033351,1.2495346,-0.44733635,-0.449614,-0.02388327,-0.00673565,0.0,0.0,2
-0.134896,1.2388246,-0.45809236,-0.47597134,-0.022063835,0.03638894,0.0,0.0,1
-0.13933297,1.2282944,-0.44608364,-0.4679742,-0.019717792,0.046921007,0.0,0.0,2
-0.14361115,1.2181561,-0.43087316,-0.4505609,-0.01669741,0.06040768,0.0,0.0,2
-0.14788923,1.2074176,-0.43087316,-0.47722834,-0.013677032,0.060407616,0.0,0.0,0
-0.15216732,1.1960794,-0.43087322,-0.5038958,-0.010656663,0.060407598,0.0,0.0,0
-0.15644541,1.1841414,-0.43087325,-0.5305632,-0.007636292,0.060407452,0.0,0.0,0
-0.16065636,1.1715956,-0.4224394,-0.5575841,-0.0063059116,0.026607499,0.0,0.0,3
-0.16474018,1.1593744,-0.4103136,-0.5431616,-0.004406369,0.03799092,0.0,0.0,2
-0.16891022,1.1465544,-0.42112446,-0.5697696,-0.0003417285,0.08129292,0.0,0.0,1
-0.17309418,1.1339601,-0.4224484,-0.55974585,0.0036573387,0.0799812,0.0,0.0,2
-0.17726573,1.12202,-0.42127913,-0.5306915,0.007727371,0.08140069,0.0,0.0,2
-0.18134508,1.1109927,-0.4125217,-0.4901326,0.0122594815,0.09064235,0.0,0.0,2
-0.1854929,1.0993683,-0.4211123,-0.5167019,0.018511398,0.1250383,0.0,0.0,1
-0.18964072,1.0871445,-0.42111224,-0.54337186,0.024763318,0.125038,0.0,0.0,0
-0.19385967,1.0743165,-0.4300414,-0.57029223,0.03280525,0.16083872,0.0,0.0,1
-0.19807863,1.0608894,-0.43004116,-0.5969643,0.04084716,0.16083804,0.0,0.0,0
-0.20233408,1.0479313,-0.43364424,-0.57615095,0.04885487,0.16015416,0.0,0.0,2
-0.2065895,1.0343742,-0.43364388,-0.602823,0.056862548,0.16015343,0.0,0.0,0
-0.210845,1.020218,-0.43364343,-0.62949497,0.064870186,0.16015275,0.0,0.0,0
-0.21504116,1.0054687,-0.4262039,-0.65582293,0.07138272,0.13025069,0.0,0.0,3
-0.21914296,0.9901225,-0.41436082,-0.6822658,0.075523525,0.08281605,0.0,0.0,3
-0.22317548,0.97419333,-0.4056542,-0.7080821,0.07790134,0.047556352,0.0,0.0,3
-0.22720794,0.9586447,-0.4058836,-0.6911889,0.08051436,0.05226027,0.0,0.0,2
-0.23132233,0.9424836,-0.41617522,-0.7185287,0.085202225,0.09375745,0.0,0.0,1
-0.23543677,0.925723,-0.41617498,-0.7451972,0.0898901,0.09375732,0.0,0.0,0
-0.23961282,0.90834546,-0.42391568,-0.772721,0.09615103,0.12521842,0.0,0.0,1
-0.2438734,0.890367,-0.43450642,-0.79962057,0.104531445,0.16760823,0.0,0.0,1
-0.24813405,0.87178904,-0.43450552,-0.82629305,0.112911806,0.1676074,0.0,0.0,0
-0.25247437,0.85258985,-0.44451982,-0.8541284,0.12333468,0.20845738,0.0,0.0,1
-0.2568148,0.832792,-0.44451815,-0.88080406,0.13375746,0.2084558,0.0,0.0,0
-0.26109228,0.81241053,-0.4365841,-0.9066606,0.14256449,0.17614082,0.0,0.0,3
-0.26555434,0.79297787,-0.45486236,-0.86452866,0.1512042,0.17279412,0.0,0.0,2
-0.26993147,0.77295786,-0.44420773,-0.8904522,0.15769215,0.1297591,0.0,0.0,3
-0.27440095,0.75232345,-0.45577806,-0.918046,0.16652334,0.17662387,0.0,0.0,1
-0.27881464,0.73203707,-0.45092192,-0.9027146,0.17609325,0.19139835,0.0,0.0,2
-0.28330675,0.71197146,-0.45882982,-0.8929816,0.18574905,0.19311608,0.0,0.0,2
-0.28770533,0.69133574,-0.44704738,-0.91806585,0.19297518,0.14452252,0.0,0.0,3
-0.29210395,0.6701005,-0.4470462,-0.9447367,0.20020127,0.14452198,0.0,0.0,0
-0.29665238,0.6491944,-0.46189767,-0.93012893,0.20731802,0.14233494,0.0,0.0,2
-0.30126062,0.6276612,-0.46945482,-0.958273,0.21603078,0.17425506,0.0,0.0,1
-0.30585608,0.6062165,-0.46866456,-0.95446134,0.22525625,0.18450905,0.0,0.0,2
-0.3104517,0.58417284,-0.46866226,-0.98113495,0.23448165,0.184508,0.0,0.0,0
-0.31497377,0.56154567,-0.4594357,-1.0068237,0.24182403,0.14684781,0.0,0.0,3
-0.31949598,0.5383192,-0.4594341,-1.0334947,0.24916641,0.1468473,0.0,0.0,0
-0.32408094,0.5144594,-0.46737057,-1.0619673,0.25821748,0.18102156,0.0,0.0,1
-0.32860804,0.49002364,-0.46006125,-1.087345,0.2657287,0.15022439,0.0,0.0,3
-0.3332778,0.46588227,-0.47439513,-1.074315,0.27332705,0.15196711,0.0,0.0,2
-0.33787116,0.4411801,-0.46471542,-1.0988917,0.27884543,0.11036742,0.0,0.0,3
-0.34239063,0.41591716,-0.4553472,-1.12345,0.28234068,0.06990473,0.0,0.0,3
-0.34700346,0.390695,-0.46481434,-1.1216742,0.28597116,0.07260952,0.0,0.0,2
-0.35199708,0.36589688,-0.50211227,-1.1026791,0.28880212,0.05661916,0.0,0.0,2
-0.35716558,0.34123966,-0.5194707,-1.0964011,0.29150817,0.054121137,0.0,0.0,2
-0.3622664,0.31602204,-0.51088744,-1.120943,0.29233685,0.016573649,0.0,0.0,3
-0.3673672,0.29020444,-0.51088744,-1.1476097,0.29316553,0.01657351,0.0,0.0,0
-0.37272912,0.26427233,-0.5362899,-1.1525601,0.29327053,0.0020999345,0.0,0.0,2
-0.37803182,0.23776819,-0.5288161,-1.1776698,0.2917726,-0.02995858,0.0,0.0,3
-0.38333455,0.21066399,-0.5288161,-1.2043366,0.29027468,-0.029958602,0.0,0.0,0
-0.38855782,0.18300806,-0.5187218,-1.2284417,0.28656247,-0.07424405,0.0,0.0,3
-0.39369354,0.15478857,-0.50769126,-1.2530594,0.28051254,-0.1209987,0.0,0.0,3
-0.39874387,0.12600662,-0.49690318,-1.2776564,0.27217004,-0.16684997,0.0,1.0,3
-0.40199977,0.09996029,-0.30807033,-1.1548333,0.25688145,-0.30263752,0.0,1.0,0
-0.4051686,0.076201566,0.34057674,-0.33939564,0.1991026,-3.178673,0.0,1.0,0
0.011507511,1.3863292,0.58198345,-0.5593096,-0.013183441,-0.13047525,0.0,0.0,0
0.0171875,1.3739755,0.57499135,-0.54912674,-0.020092905,-0.13820228,0.0,0.0,2
0.022909641,1.3617957,0.57905614,-0.541433,-0.026849207,-0.13513854,0.0,0.0,2
0.028717328,1.3490167,0.5897752,-0.56814766,-0.035749696,-0.17802647,0.0,0.0,3
0.03465128,1.3371699,0.6019585,-0.52675146,-0.044220112,-0.16942415,0.0,0.0,2
0.040652655,1.3247223,0.61039025,-0.5535593,-0.05437608,-0.20313807,0.0,0.0,3
0.046762943,1.3125015,0.6208971,-0.5435229,-0.06415522,-0.19560082,0.0,0.0,2
0.05279932,1.299695,0.61161816,-0.5695422,-0.07205541,-0.1580179,0.0,0.0,1
0.058772467,1.2863073,0.6036492,-0.5953304,-0.078333184,-0.12556726,0.0,0.0,1
0.0647562,1.2730787,0.6048408,-0.58829397,-0.08474863,-0.12832072,0.0,0.0,2
0.07082643,1.2592415,0.6156812,-0.61549276,-0.09334079,-0.17185917,0.0,0.0,3
0.07680778,1.2448205,0.60450625,-0.64134747,-0.099666715,-0.12652999,0.0,0.0,1
0.08278942,1.2297999,0.6045225,-0.6680203,-0.105993085,-0.12653893,0.0,0.0,0
0.08877125,1.2141796,0.6045395,-0.69469315,-0.11231802,-0.12651,0.0,0.0,0
0.09475317,1.1979599,0.60455734,-0.72136587,-0.118641935,-0.12648986,0.0,0.0,0
0.10079088,1.1817149,0.6100621,-0.7225165,-0.124919295,-0.12555866,0.0,0.0,2
0.10689326,1.1648492,0.61820525,-0.75027275,-0.13286237,-0.15887605,0.0,0.0,3
0.112922,1.1473913,0.60896873,-0.7764546,-0.1389401,-0.12156516,0.0,0.0,1
0.11895104,1.1293342,0.60898364,-0.8031276,-0.14501801,-0.12156917,0.0,0.0,0
0.124906346,1.1106937,0.599722,-0.828875,-0.14920454,-0.08373814,0.0,0.0,1
0.13079548,1.0914676,0.5914134,-0.85474366,-0.15169817,-0.049876876,0.0,0.0,1
0.13674584,1.0716189,0.59911895,-0.8825855,-0.15578356,-0.08171521,0.0,0.0,3
0.14269638,1.0511703,0.5991308,-0.909257,-0.15986736,-0.08168333,0.0,0.0,0
0.1485754,1.0301328,0.59016883,-0.93525034,-0.16213574,-0.045371465,0.0,0.0,1
0.15445213,1.008474,0.5899404,-0.9628611,-0.16440453,-0.04537573,0.0,0.0,0
0.16032887,0.98621535,0.5899403,-0.98952824,-0.16667332,-0.04537572,0.0,0.0,0
0.16620569,0.9633567,0.5899402,-1.0161952,-0.16894211,-0.045375638,0.0,0.0,0
0.17201824,0.93991286,0.5818865,-1.0420153,-0.1695672,-0.012501761,0.0,0.0,1
0.17781658,0.916441,0.58081466,-1.0433041,-0.1705549,-0.019754164,0.0,0.0,2
0.18368426,0.8923552,0.5895266,-1.0707968,-0.17331494,-0.055200666,0.0,0.0,3
0.18955192,0.8676696,0.5895265,-1.097464,-0.17607498,-0.055200666,0.0,0.0,0
0.1954197,0.84238404,0.5895263,-1.1241313,-0.178835,-0.055200405,0.0,0.0,0
0.2015194,0.8175602,0.6122451,-1.1035511,-0.18112105,-0.045720685,0.0,0.0,2
0.20769635,0.7921157,0.62196237,-1.1313977,-0.18540159,-0.08561082,0.0,0.0,3
0.21378374,0.7660957,0.6107073,-1.1566914,-0.1873711,-0.039390415,0.0,0.0,1
0.21987124,0.7394757,0.6107072,-1.1833586,-0.1893406,-0.039390404,0.0,0.0,0
0.22602281,0.71224225,0.6187534,-1.2108415,-0.19295065,-0.07220088,0.0,0.0,3
0.23223953,0.6853582,0.62552726,-1.1953566,-0.19682573,-0.07750161,0.0,0.0,2
0.23845634,0.6578742,0.62552696,-1.2220246,-0.2007008,-0.077501535,0.0,0.0,0
0.2449274,0.6303243,0.650137,-1.2248517,-0.20375104,-0.061004348,0.0,0.0,2
0.25171748,0.6033693,0.6813294,-1.1983216,-0.20610146,-0.047008004,0.0,0.0,2
0.25879365,0.5770995,0.7094643,-1.1678041,-0.20796624,-0.037295543,0.0,0.0,2
0.26581153,0.5502566,0.7021091,-1.1930612,-0.20827964,-0.0062681586,0.0,0.0,1
0.2730158,0.52371985,0.72046894,-1.179418,-0.20832735,-0.00095421064,0.0,0.0,2
0.28012657,0.49661008,0.70870936,-1.2045494,-0.20595102,0.047526695,0.0,0.0,1
0.28715962,0.4689151,0.69899905,-1.2302945,-0.20160007,0.087018654,0.0,0.0,1
0.2941122,0.44064432,0.68886054,-1.2556207,-0.19515847,0.12883207,0.0,0.0,1
0.30106488,0.4117741,0.68885946,-1.2822908,-0.18871689,0.12883165,0.0,0.0,0
0.30811435,0.38228604,0.700992,-1.3100861,-0.1847417,0.07950367,0.0,0.0,3
0.3151638,0.3521981,0.7009916,-1.3367541,-0.18076652,0.07950366,0.0,0.0,0
0.32230482,0.32147434,0.7125393,-1.3653103,-0.17919478,0.03143496,0.0,0.0,3
0.32944584,0.29015064,0.71253926,-1.3919772,-0.17762302,0.031434953,0.0,0.0,0
0.3365137,0.25825095,0.70331156,-1.417353,-0.17414613,0.06953785,0.0,0.0,1
0.3435816,0.22575139,0.7033113,-1.4440207,-0.17066924,0.06953778,0.0,0.0,0
0.35071945,0.19264248,0.7120816,-1.471314,-0.16896327,0.03411941,0.0,0.0,3
0.35777512,0.15895952,0.70173436,-1.4965895,-0.16512613,0.076742336,0.0,0.0,1
0.3648308,0.12467681,0.70173395,-1.5232576,-0.16128902,0.07674225,0.0,0.0,0
0.37179032,0.08982118,0.6896428,-1.5484691,-0.15497354,0.1263093,0.0,0.0,1
0.37874994,0.054366026,0.689642,-1.5751392,-0.14865808,0.12630896,0.0,0.0,0
0.38589534,0.019138537,0.7077267,-1.5650004,-0.14187089,0.13574387,0.0,0.0,2
0.3932887,-0.015702358,0.73182064,-1.5477853,-0.13437706,0.14987643,1.0,0.0,2
0.40008497,-0.049528874,0.6539722,-1.5015779,-0.11210789,0.4413542,1.0,1.0,0
0.40592232,-0.062963665,0.3851204,-0.11304207,0.061466146,-0.5238237,1.0,1.0,2
0.00044469832,1.3852925,0.016631277,-0.5825333,0.0013717434,0.033361245,0.0,0.0,1
0.00070800784,1.371588,0.026696408,-0.60908985,0.0010191571,-0.0070525324,0.0,0.0,3
0.0010294914,1.3581275,0.032218628,-0.5982456,0.00094910915,-0.0014011804,0.0,0.0,2
0.0014199257,1.344057,0.04087175,-0.62535506,-0.0008565472,-0.036116403,0.0,0.0,3
0.00181036,1.3293865,0.04087742,-0.65202016,-0.0026610354,-0.036093622,0.0,0.0,0
0.0021235466,1.3147628,0.03351898,-0.64995027,-0.0048405854,-0.043595184,0.0,0.0,2
0.0024366379,1.2995389,0.03352552,-0.6766241,-0.0070194947,-0.04358202,0.0,0.0,0
0.0025876998,1.2842709,0.01808907,-0.67859745,-0.009982849,-0.05927276,0.0,0.0,2
0.002738762,1.2684028,0.01809802,-0.70527077,-0.012945097,-0.059250273,0.0,0.0,0
0.0028899193,1.2519348,0.018106565,-0.7319391,-0.015907222,-0.059247803,0.0,0.0,0
0.0030940056,1.2354068,0.023176473,-0.7346097,-0.018645754,-0.054775573,0.0,0.0,2
0.0034189224,1.2193482,0.034744807,-0.71374065,-0.02087634,-0.044615563,0.0,0.0,2
0.0036773682,1.203355,0.028468823,-0.7108483,-0.023463896,-0.05175581,0.0,0.0,2
0.003843212,1.1867731,0.01683922,-0.7369799,-0.023714153,-0.005005708,0.0,0.0,1
0.0040066717,1.1708616,0.016707836,-0.7071721,-0.02407113,-0.0071402406,0.0,0.0,2
0.004091072,1.1543585,0.0067827157,-0.7334451,-0.02243525,0.032720473,0.0,0.0,1
0.004258728,1.1372552,0.017228674,-0.76015985,-0.022894586,-0.009187261,0.0,0.0,3
0.0044264793,1.1195518,0.0172306,-0.7868284,-0.023352548,-0.0091601685,0.0,0.0,0
0.004594135,1.1012483,0.017231649,-0.81349725,-0.023810886,-0.009167707,0.0,0.0,0
0.0048508644,1.0823376,0.028414568,-0.8405165,-0.026511902,-0.054025393,0.0,0.0,3
0.005021,1.0628204,0.017539069,-0.8674432,-0.0270346,-0.010454953,0.0,0.0,1
0.005117512,1.0426993,0.008311795,-0.8942397,-0.025711995,0.026454454,0.0,0.0,1
0.0052139284,1.0219784,0.008307738,-0.9209085,-0.024389913,0.026444316,0.0,0.0,0
0.005314827,1.0015628,0.008790119,-0.90734124,-0.02311554,0.025489908,0.0,0.0,2
0.005341721,0.98053294,-0.00047974632,-0.934622,-0.019989712,0.06251676,0.0,0.0,1
0.005430126,0.95890445,0.0072356677,-0.9612475,-0.018408386,0.03162672,0.0,0.0,3
0.005518532,0.936676,0.007235664,-0.9879144,-0.016827045,0.031626735,0.0,0.0,0
0.005606937,0.9138475,0.0072356584,-1.0145813,-0.015245707,0.03162671,0.0,0.0,0
0.0057670595,0.89040846,0.016252443,-1.0417396,-0.015472751,-0.0045408504,0.0,0.0,3
0.005927277,0.8663694,0.016252443,-1.0684063,-0.015699798,-0.004540994,0.0,0.0,0
0.0062761307,0.842503,0.0342608,-1.0607197,-0.015092221,0.012151887,0.0,0.0,2
0.0067152022,0.81804657,0.045588486,-1.0869757,-0.016750537,-0.03316639,0.0,0.0,3
0.0072437287,0.792979,0.05682367,-1.114158,-0.020661822,-0.07822566,0.0,0.0,3
0.007643223,0.76886445,0.04461591,-1.0718328,-0.025268994,-0.09214365,0.0,0.0,2
0.008127689,0.74415225,0.05526198,-1.0984508,-0.032007102,-0.13476226,0.0,0.0,3
0.008612061,0.7188406,0.055261813,-1.125121,-0.0387452,-0.1347618,0.0,0.0,0
0.009023857,0.69293004,0.046147585,-1.1517212,-0.043658394,-0.0982641,0.0,0.0,1
0.009498024,0.6664208,0.053978108,-1.1783947,-0.05013836,-0.12959939,0.0,0.0,3
0.009885025,0.6393163,0.043039568,-1.2047983,-0.054425474,-0.08574222,0.0,0.0,1
0.010272121,0.611612,0.04303945,-1.2314667,-0.05871258,-0.08574207,0.0,0.0,0
0.010706139,0.58454406,0.04774932,-1.2031956,-0.063006066,-0.08586955,0.0,0.0,2
0.011237621,0.5568661,0.059971422,-1.2304327,-0.069755904,-0.1349969,0.0,0.0,3
0.011769104,0.52858883,0.059971042,-1.2571031,-0.07650571,-0.13499641,0.0,0.0,0
0.012201023,0.50026244,0.050598394,-1.2593461,-0.08384492,-0.14678371,0.0,0.0,2
0.012640381,0.47260952,0.051637907,-1.2294705,-0.09147841,-0.15266952,0.0,0.0,2
0.013079834,0.44435737,0.051637262,-1.256142,-0.09911186,-0.15266892,0.0,0.0,0
0.013519192,0.415506,0.051636558,-1.2828135,-0.106745265,-0.1526683,0.0,0.0,0
0.013958645,0.38605544,0.05163581,-1.309485,-0.11437863,-0.15266766,0.0,0.0,0
0.014297676,0.35696563,0.042380493,-1.2935501,-0.12281208,-0.1686691,0.0,0.0,2
0.014713478,0.32726163,0.05201885,-1.3210683,-0.13320054,-0.20776936,0.0,0.0,3
0.015058994,0.29698098,0.043164533,-1.3465991,-0.14177422,-0.1714739,0.0,0.0,1
0.015424919,0.26690626,0.045445938,-1.33752,-0.15060586,-0.17663327,0.0,0.0,2
0.015726376,0.23625793,0.037298232,-1.3628902,-0.15775053,-0.14289331,0.0,0.0,1
0.016027927,0.20501025,0.037297245,-1.3895609,-0.16489516,-0.14289276,0.0,0.0,0
0.016329575,0.17316328,0.037296213,-1.4162318,-0.17203979,-0.1428923,0.0,0.0,0
0.016555976,0.1407411,0.027831528,-1.441594,-0.17723241,-0.10385275,0.0,0.0,1
0.01698122,0.108709365,0.04732963,-1.4242176,-0.1820588,-0.09652762,0.0,0.0,2
0.017670345,0.07709442,0.07309014,-1.4056255,-0.1862521,-0.08386587,0.0,0.0,2
0.01827469,0.044893965,0.062466573,-1.431387,-0.18829146,-0.04078721,0.0,0.0,1
0.018879032,0.012093625,0.062466472,-1.458054,-0.1903308,-0.040786907,1.0,0.0,0
0.019460296,-0.019594314,0.03814856,-1.4057279,-0.17490722,0.3025798,1.0,0.0,2
0.021416282,-0.043057743,-0.025308574,-0.85665745,0.01425688,5.1958785,1.0,1.0,0
-0.00157938,1.422215,-0.07395469,0.2382853,-8.4410676e-05,-0.021041542,0.0,0.0,3
-0.0021677972,1.4277397,-0.058567483,0.24554825,-0.00035935777,-0.0054992037,0.0,0.0,2
-0.0028147697,1.4332569,-0.06413135,0.24520779,-0.0009164216,-0.011142447,0.0,0.0,2
-0.003426075,1.4394752,-0.06073131,0.2763666,-0.0013059516,-0.0077913674,0.0,0.0,2
-0.0040372848,1.4450933,-0.06073028,0.24969003,-0.0016956219,-0.007794338,0.0,0.0,0
-0.0047278404,1.4501119,-0.07068453,0.22304942,-8.916002e-05,0.032132305,0.0,0.0,1
-0.005475712,1.4556181,-0.076135315,0.24472141,0.0012432022,0.026649931,0.0,0.0,2
-0.0060581206,1.4612347,-0.060395557,0.24962474,0.0033657523,0.042454995,0.0,0.0,2
-0.006462097,1.4669998,-0.043398254,0.25621578,0.0063439384,0.05956904,0.0,0.0,2
-0.0069280625,1.4721694,-0.051181667,0.22973102,0.010879246,0.090714276,0.0,0.0,1
-0.0073942184,1.4767392,-0.051195107,0.20306407,0.015413537,0.09069389,0.0,0.0,0
-0.0077947616,1.4807082,-0.042976003,0.1763713,0.018297799,0.05769037,0.0,0.0,3
-0.0081954,1.4840776,-0.042984024,0.14970209,0.021182321,0.05769568,0.0,0.0,0
-0.008658218,1.4868534,-0.050762832,0.12330004,0.025620807,0.08877754,0.0,0.0,1
-0.00904808,1.4890292,-0.04163015,0.09665528,0.028225476,0.05209831,0.0,0.0,3
-0.009499455,1.4906067,-0.049324546,0.07003268,0.032370225,0.08290247,0.0,0.0,1
-0.010013389,1.4915699,-0.057170827,0.042666156,0.038090814,0.11442183,0.0,0.0,1
-0.010442734,1.4919347,-0.046559654,0.016114479,0.041680574,0.07180153,0.0,0.0,3
-0.011067772,1.4924507,-0.065317445,0.022857515,0.04445458,0.055485032,0.0,0.0,2
-0.011831379,1.4935513,-0.07867907,0.048843466,0.046747003,0.045852713,0.0,0.0,2
-0.012594414,1.49525,-0.07880366,0.07542273,0.049215764,0.04937993,0.0,0.0,2
-0.0132956505,1.4963644,-0.07102579,0.04949883,0.050112247,0.017931253,0.0,0.0,3
-0.013996887,1.4968789,-0.07102813,0.022834321,0.05100931,0.017942768,0.0,0.0,0
-0.014614391,1.4967963,-0.060528476,-0.0036303548,0.049801093,-0.024166375,0.0,0.0,3
-0.015273189,1.4973011,-0.06464861,0.02247179,0.048584655,-0.024328683,0.0,0.0,2
-0.01599884,1.4971993,-0.0730424,-0.004534912,0.04905348,0.0093763,0.0,0.0,1
-0.016637612,1.4965162,-0.062117808,-0.0303097,0.047320537,-0.03465898,0.0,0.0,3
-0.01721096,1.4952397,-0.05390855,-0.056627106,0.043939147,-0.067627884,0.0,0.0,3
-0.017867375,1.4933609,-0.06433248,-0.08346539,0.042646144,-0.025860325,0.0,0.0,1
-0.018451978,1.4918323,-0.057608057,-0.06791823,0.0418102,-0.01671889,0.0,0.0,2
-0.018964862,1.4897101,-0.048622824,-0.09424224,0.039170958,-0.052784532,0.0,0.0,3
-0.019517612,1.4883003,-0.05258028,-0.06258638,0.03650601,-0.05329898,0.0,0.0,2
-0.019999217,1.4862928,-0.043650825,-0.08911526,0.03205209,-0.089078285,0.0,0.0,3
-0.020480823,1.4836857,-0.04365074,-0.11578358,0.027598184,-0.089078136,0.0,0.0,0
-0.020962428,1.4804788,-0.043650664,-0.1424519,0.023144284,-0.08907801,0.0,0.0,0
-0.021516133,1.4773343,-0.05057723,-0.13969344,0.01840381,-0.09480915,0.0,0.0,2
-0.021988487,1.4735832,-0.040373247,-0.16664352,0.011622187,-0.13563257,0.0,0.0,3
-0.022460938,1.4692327,-0.04037316,-0.19331402,0.0048405738,-0.13563214,0.0,0.0,0
-0.022933293,1.4642829,-0.04037311,-0.21998453,-0.0019410123,-0.1356317,0.0,0.0,0
-0.02350235,1.4587361,-0.052494794,-0.24653472,-0.006294936,-0.087078385,0.0,0.0,1
-0.023980618,1.4525865,-0.041111108,-0.27335456,-0.012928922,-0.13267991,0.0,0.0,3
-0.024362374,1.445842,-0.02899319,-0.29986122,-0.021988695,-0.18119569,0.0,0.0,3
-0.024659444,1.4384921,-0.018374199,-0.32687584,-0.033177406,-0.2237742,0.0,0.0,3
-0.025016213,1.4305543,-0.02588661,-0.35303622,-0.042855952,-0.19357099,0.0,0.0,1
-0.025278758,1.4220092,-0.014060432,-0.38017946,-0.054908335,-0.24104755,0.0,0.0,3
-0.025466347,1.4128703,-0.004672012,-0.40674827,-0.06883578,-0.27854896,0.0,0.0,3
-0.025561238,1.4031129,0.006942384,-0.43449453,-0.0851115,-0.32551435,0.0,0.0,3
-0.025459861,1.393799,0.025920024,-0.41492072,-0.1007554,-0.31287795,0.0,0.0,2
-0.02527895,1.3838866,0.03584464,-0.44184265,-0.118385926,-0.3526103,0.0,0.0,3
-0.02517109,1.3734002,0.026597489,-0.46739823,-0.13412714,-0.31482446,0.0,0.0,1
-0.025140096,1.3623309,0.01692469,-0.49327466,-0.14790818,-0.2756208,0.0,0.0,1
-0.025178432,1.3506763,0.008190186,-0.5192117,-0.1599181,-0.24019845,0.0,0.0,1
-0.025130559,1.338406,0.018974239,-0.5469395,-0.17412367,-0.2841111,0.0,0.0,3
-0.025082398,1.3255383,0.018970039,-0.57362276,-0.18832904,-0.28410718,0.0,0.0,0
-0.024971772,1.31319,0.025553444,-0.55072325,-0.20289595,-0.2913389,0.0,0.0,2
-0.024860572,1.3002443,0.02554828,-0.5774073,-0.21746267,-0.29133466,0.0,0.0,0
-0.024826527,1.2867278,0.015789537,-0.602606,-0.23000087,-0.2507636,0.0,0.0,1
-0.024792766,1.2735984,0.016405664,-0.58561796,-0.24323443,-0.2646712,0.0,0.0,2
-0.024824142,1.2598963,0.008150091,-0.6108922,-0.25473616,-0.2300345,0.0,0.0,1
-0.024777126,1.245554,0.01805723,-0.63980955,-0.26837215,-0.27271935,0.0,0.0,3
-0.024642754,1.2305686,0.02903604,-0.6689583,-0.28437647,-0.32008636,0.0,0.0,3
-0.02450781,1.2149864,0.029027272,-0.6956456,-0.3003805,-0.3200807,0.0,0.0,0
-0.02443018,1.1988297,0.02173849,-0.7210312,-0.31484625,-0.28931588,0.0,0.0,1
-0.024047375,1.1835206,0.05222111,-0.68350244,-0.32935247,-0.2901246,0.0,0.0,2
-0.023664093,1.167614,0.052212756,-0.7101858,-0.34385848,-0.29012036,0.0,0.0,0
-0.0233696,1.1511556,0.040916435,-0.7342675,-0.3559048,-0.24092622,0.0,0.0,1
-0.023163985,1.1341372,0.02971777,-0.75868016,-0.36555207,-0.19294555,0.0,0.0,1
-0.022621537,1.117959,0.06347894,-0.721419,-0.3753327,-0.19561322,0.0,0.0,2
-0.021961402,1.1017733,0.07536963,-0.72185296,-0.3852765,-0.19887574,0.0,0.0,2
-0.021246146,1.0849549,0.08230642,-0.7504403,-0.39678004,-0.23007171,0.0,0.0,3
-0.020530319,1.0675379,0.08230009,-0.77711713,-0.40828356,-0.2300696,0.0,0.0,0
-0.019652177,1.0501969,0.09861049,-0.773875,-0.41992494,-0.23282762,0.0,0.0,2
-0.018855859,1.0322999,0.088289976,-0.7980266,-0.4292916,-0.18733293,0.0,0.0,1
-0.018125439,1.0138512,0.07985828,-0.8220388,-0.43670514,-0.14827082,0.0,0.0,1
-0.016822243,0.9960673,0.13642594,-0.79230964,-0.44336745,-0.13324632,0.0,0.0,2
-0.015446091,0.97763544,0.14564276,-0.82176334,-0.45214856,-0.1756222,0.0,0.0,3
-0.014123535,0.958644,0.13879098,-0.84619564,-0.4593263,-0.14355549,0.0,0.0,1
-0.0128006935,0.93905324,0.13878813,-0.8728663,-0.46650404,-0.14355502,0.0,0.0,0
-0.011391735,0.9188091,0.14960895,-0.9026889,-0.47615302,-0.19297913,0.0,0.0,3
-0.009982491,0.8979661,0.14960364,-0.92936254,-0.48580188,-0.1929779,0.0,0.0,0
-0.00801363,0.87777275,0.20507732,-0.900396,-0.49496105,-0.18318346,0.0,0.0,2
-0.005982208,0.8569406,0.21289103,-0.9294223,-0.50592005,-0.21917959,0.0,0.0,3
-0.0038498878,0.83614796,0.22338936,-0.9279205,-0.5174271,-0.23014064,0.0,0.0,2
-0.0017661095,0.8148093,0.21704325,-0.95169765,-0.52728885,-0.19723403,0.0,0.0,1
0.00031805038,0.7928719,0.21703717,-0.9783714,-0.5371505,-0.19723268,0.0,0.0,0
0.0023194314,0.7704091,0.20641527,-1.0008584,-0.5443763,-0.14451602,0.0,0.0,1
0.004257488,0.747394,0.19840014,-1.0247518,-0.5496866,-0.10620569,0.0,0.0,1
0.00653162,0.72476465,0.23222306,-1.0077255,-0.555259,-0.11144705,0.0,0.0,2
0.008805943,0.7015356,0.232221,-1.0343943,-0.5608313,-0.1114468,0.0,0.0,0
0.011583137,0.67845684,0.2818629,-1.02747,-0.5656642,-0.09665772,0.0,0.0,2
0.014287186,0.6548534,0.27243865,-1.0499076,-0.56804717,-0.04766134,0.0,0.0,1
0.017058183,0.6305962,0.2808948,-1.0797191,-0.5724965,-0.08898667,0.0,0.0,3
0.019901847,0.605661,0.29025486,-1.1107739,-0.5794196,-0.13846236,0.0,0.0,3
0.02298584,0.5811643,0.3149479,-1.0916202,-0.58716637,-0.15493514,0.0,0.0,2
0.025996685,0.55615014,0.30545783,-1.1136988,-0.5923703,-0.10407865,0.0,0.0,1
0.029063988,0.5304877,0.31259912,-1.1431963,-0.59935737,-0.13974133,0.0,0.0,3
0.032206822,0.50414675,0.32224998,-1.174372,-0.60890096,-0.19087166,0.0,0.0,3
0.035350133,0.47720662,0.32224348,-1.2010448,-0.6184445,-0.19087079,0.0,0.0,0
0.038777255,0.45010987,0.35034317,-1.2079493,-0.6277109,-0.18532903,0.0,0.0,2
0.042702008,0.4237653,0.40053087,-1.1748021,-0.6375632,-0.1970469,0.0,0.0,2
0.046627235,0.39682174,0.4005236,-1.2014751,-0.64741546,-0.19704589,0.0,0.0,0
0.050480176,0.3693701,0.39107367,-1.2230048,-0.6545874,-0.14343804,0.0,0.0,1
0.05425949,0.3414053,0.38156444,-1.244749,-0.6591163,-0.0905791,0.0,0.0,1
0.05798006,0.3129018,0.37407932,-1.2678676,-0.66163975,-0.050467737,0.0,0.0,1
0.061751176,0.28372574,0.38070318,-1.2985905,-0.66615146,-0.090234615,0.0,0.0,3
0.06588898,0.25458705,0.4172813,-1.2968923,-0.6705436,-0.08784274,0.0,0.0,2
0.07002707,0.22484852,0.4172798,-1.3235604,-0.6749358,-0.087843575,0.0,0.0,0
0.07409744,0.19460565,0.40841866,-1.3448623,-0.6766759,-0.034802407,0.0,0.0,1
0.07822828,0.16369666,0.41611785,-1.375368,-0.6805259,-0.07699929,0.0,0.0,3
0.082730964,0.13289753,0.45333323,-1.3705052,-0.6844163,-0.07780826,0.0,0.0,2
0.08730812,0.1014134,0.46283045,-1.4020939,-0.6909554,-0.13078156,0.0,0.0,3
0.091934964,0.06925851,0.46929908,-1.4327823,-0.6994609,-0.1701109,0.0,0.0,3
0.09661303,0.036433563,0.47591868,-1.4634818,-0.7099615,-0.21001013,1.0,0.0,3
0.098613545,0.024182448,0.23654003,-0.57088774,-0.7524683,-0.8369296,1.0,0.0,1
0.10172339,0.011868105,0.32802474,-0.5609024,-0.7733626,-0.41131258,1.0,0.0,2
0.1046649,0.002207396,0.22126198,-0.009160907,-0.76938045,0.26437503,1.0,0.0,1
0.012227821,1.4202796,0.6184103,0.19510905,-0.014008789,-0.1386359,0.0,0.0,0
0.018265342,1.4254167,0.611186,0.22822823,-0.021364499,-0.14712785,0.0,0.0,2
0.024466325,1.43086,0.62681484,0.24182294,-0.027996948,-0.13266128,0.0,0.0,2
0.030542469,1.4369966,0.615044,0.27257442,-0.03534276,-0.14692973,0.0,0.0,2
0.036685277,1.4432775,0.62146014,0.27896696,-0.042453174,-0.14222136,0.0,0.0,2
0.04273386,1.4489696,0.6096343,0.25283715,-0.047181144,-0.09456791,0.0,0.0,1
0.048707295,1.4540625,0.6001998,0.22624753,-0.05001609,-0.05670374,0.0,0.0,1
0.05475693,1.4585528,0.60976356,0.19940576,-0.054767553,-0.095038064,0.0,0.0,3
0.06080675,1.4624435,0.6097785,0.17273515,-0.059517056,-0.0949986,0.0,0.0,0
0.06677065,1.465743,0.59898937,0.1465388,-0.06209383,-0.05154016,0.0,0.0,1
0.07267217,1.4684595,0.5911411,0.12069268,-0.06308043,-0.019733602,0.0,0.0,1
0.07847814,1.4705938,0.5791496,0.09492171,-0.061646223,0.028686743,0.0,0.0,1
0.08435164,1.4721122,0.58763266,0.06747199,-0.06192926,-0.005661049,0.0,0.0,3
0.09014177,1.4730293,0.5771942,0.04083158,-0.06012215,0.036145307,0.0,0.0,1
0.09584961,1.4733447,0.566879,0.014168708,-0.056254387,0.07736241,0.0,0.0,1
0.101557255,1.4730601,0.5668668,-0.012500555,-0.052387625,0.07734214,0.0,0.0,0
0.1072649,1.472176,0.5668551,-0.039169993,-0.048521016,0.07733907,0.0,0.0,0
0.112977885,1.4715229,0.56750214,-0.028900588,-0.04475415,0.075344,0.0,0.0,2
0.118597604,1.4702871,0.55578554,-0.054752003,-0.03863087,0.1224765,0.0,0.0,1
0.12410984,1.4699426,0.5457232,-0.015181061,-0.033187836,0.10887041,0.0,0.0,2
0.12977877,1.470513,0.5608072,0.025478493,-0.027169542,0.12037653,0.0,0.0,2
0.1354742,1.4712218,0.56339467,0.031602684,-0.021090504,0.12159164,0.0,0.0,2
0.14122018,1.4720291,0.5682584,0.03595562,-0.014821698,0.1253871,0.0,0.0,2
0.14696589,1.4722369,0.5682404,0.009281195,-0.00855396,0.12536578,0.0,0.0,0
0.15278073,1.4718359,0.5774778,-0.017809339,-0.004591864,0.079248,0.0,0.0,3
0.15876713,1.4722829,0.593465,0.019875737,0.0005145846,0.10212888,0.0,0.0,2
0.16468096,1.4721355,0.5843592,-0.006569331,0.0074444725,0.13859808,0.0,0.0,1
0.17059478,1.4713888,0.5843593,-0.033240043,0.014374347,0.13859753,0.0,0.0,0
0.17656335,1.4711185,0.589535,-0.0120975375,0.021604845,0.14461018,0.0,0.0,2
0.18260594,1.4702551,0.5988234,-0.03846026,0.02697314,0.107365765,0.0,0.0,3
0.1886693,1.4697435,0.60071844,-0.022853008,0.032515954,0.11085632,0.0,0.0,2
0.19464321,1.4686283,0.5895184,-0.049756084,0.040303398,0.15574864,0.0,0.0,1
0.20061731,1.4669139,0.5895187,-0.07642785,0.048090797,0.15574822,0.0,0.0,0
0.20651369,1.4645975,0.5797921,-0.10330377,0.057827555,0.19473517,0.0,0.0,1
0.21255484,1.4624485,0.59345186,-0.09595813,0.06836836,0.21081603,0.0,0.0,2
0.21859589,1.459701,0.5934528,-0.122634135,0.078909084,0.21081439,0.0,0.0,0
0.22473249,1.4563732,0.60547596,-0.14835562,0.087021165,0.16224192,0.0,0.0,3
0.23079701,1.4524288,0.5964087,-0.17592506,0.09697184,0.19901332,0.0,0.0,1
0.2367858,1.4488094,0.5889255,-0.16154204,0.10685009,0.19756533,0.0,0.0,2
0.24277449,1.4445913,0.58892673,-0.18821688,0.1167283,0.19756398,0.0,0.0,0
0.24884816,1.4397818,0.5995956,-0.21437725,0.12446212,0.15467691,0.0,0.0,3
0.2550024,1.4343946,0.60973126,-0.23991857,0.13012895,0.11333692,0.0,0.0,3
0.26109523,1.428407,0.6020572,-0.26676512,0.13732828,0.14398597,0.0,0.0,1
0.26718807,1.4218198,0.60205805,-0.2934361,0.14452755,0.14398545,0.0,0.0,0
0.27320442,1.4146118,0.59245354,-0.32127845,0.15369417,0.18333212,0.0,0.0,1
0.27922067,1.4068048,0.5924551,-0.34795207,0.16286072,0.18333106,0.0,0.0,0
0.28515452,1.3983871,0.58215547,-0.37539977,0.17411019,0.22498891,0.0,0.0,1
0.29116917,1.3893888,0.5923091,-0.40102217,0.18328844,0.183565,0.0,0.0,3
0.29726285,1.379802,0.60223603,-0.4269829,0.19046342,0.1434999,0.0,0.0,3
0.30344382,1.369638,0.61319596,-0.45236978,0.19539168,0.098565295,0.0,0.0,3
0.30953503,1.3600028,0.6039574,-0.42892382,0.20058784,0.10392338,0.0,0.0,2
0.31562623,1.3497677,0.6039581,-0.45559275,0.205784,0.10392316,0.0,0.0,0
0.32164478,1.3389031,0.594797,-0.48387194,0.21290062,0.14233258,0.0,0.0,1
0.32766312,1.3274391,0.5947983,-0.5105428,0.22001721,0.14233209,0.0,0.0,0
0.33376074,1.3154098,0.60480726,-0.53538394,0.22502698,0.100194976,0.0,0.0,3
0.33985823,1.3027809,0.604808,-0.5620526,0.23003669,0.10019481,0.0,0.0,0
0.34601727,1.2895696,0.6125253,-0.5876896,0.23345299,0.068326265,0.0,0.0,3
0.35224217,1.2757722,0.6207825,-0.6134923,0.23518525,0.034645133,0.0,0.0,3
0.35829353,1.2620897,0.6036909,-0.60833853,0.23665062,0.029307678,0.0,0.0,2
0.3642289,1.2485496,0.5920791,-0.60201985,0.23813091,0.029605772,0.0,0.0,2
0.3701643,1.2344096,0.59207916,-0.62868667,0.2396112,0.02960571,0.0,0.0,0
0.37618715,1.2197112,0.60315037,-0.65311897,0.23873717,-0.017480904,0.0,0.0,3
0.38221008,1.2044128,0.60315037,-0.67978567,0.23786311,-0.017481001,0.0,0.0,0
0.3881356,1.1891693,0.5933782,-0.6773539,0.23702708,-0.01672101,0.0,0.0,2
0.39406118,1.1733258,0.5933781,-0.7040207,0.23619103,-0.016720993,0.0,0.0,0
0.40007648,1.1569146,0.60468477,-0.72888744,0.23299444,-0.06393181,0.0,0.0,3
0.405964,1.1411692,0.5915834,-0.69934887,0.2301233,-0.05742281,0.0,0.0,2
0.4117817,1.1263316,0.58386856,-0.65912974,0.22799723,-0.042521354,0.0,0.0,2
0.41768035,1.1109102,0.5940037,-0.6847573,0.22380552,-0.083834365,0.0,0.0,3
0.4235196,1.0948676,0.58652216,-0.7126127,0.22117437,-0.052622847,0.0,0.0,1
0.4290269,1.0793673,0.5540467,-0.6884133,0.21781807,-0.06712606,0.0,0.0,2
0.43447334,1.0632553,0.54642636,-0.7158211,0.21601208,-0.03611981,0.0,0.0,1
0.43986052,1.0465155,0.53894717,-0.74396133,0.21578853,-0.004470838,0.0,0.0,1
0.44506225,1.0307102,0.5202208,-0.7024469,0.21573941,-0.0009822431,0.0,0.0,2
0.45026398,1.014305,0.5202208,-0.7291136,0.2156903,-0.0009821925,0.0,0.0,0
0.4554657,0.99729985,0.5202208,-0.7557802,0.21564119,-0.0009821737,0.0,0.0,0
0.46060523,0.9796765,0.512409,-0.7834893,0.21720445,0.03126555,0.0,0.0,1
0.4657448,0.9614531,0.51240903,-0.81015617,0.21876773,0.031265378,0.0,0.0,0
0.47088432,0.9426297,0.5124091,-0.83682305,0.22033101,0.03126535,0.0,0.0,0
0.47608137,0.92323196,0.51966774,-0.8621251,0.220363,0.00063947955,0.0,0.0,3
0.48135072,0.9032707,0.52882755,-0.8868818,0.21844703,-0.038319208,0.0,0.0,3
0.48652562,0.8826744,0.51693034,-0.9154794,0.21901514,0.011362253,0.0,0.0,1
0.4913706,0.8629013,0.48446742,-0.878808,0.21904719,0.0006411697,0.0,0.0,2
0.49628162,0.8425508,0.49276948,-0.9042139,0.21735287,-0.033886455,0.0,0.0,3
0.50119257,0.8216004,0.49276963,-0.93088067,0.21565855,-0.033886425,0.0,0.0,0
0.5058297,0.8013844,0.46574992,-0.89819306,0.21360782,-0.0410148,0.0,0.0,2
0.5105438,0.78060395,0.4754746,-0.922991,0.20950401,-0.08207616,0.0,0.0,3
0.51525784,0.75922394,0.47547507,-0.949659,0.20540021,-0.082076065,0.0,0.0,0
0.5199068,0.73723024,0.46730584,-0.97716147,0.20296226,-0.04875884,0.0,0.0,1
0.5245557,0.7146366,0.467306,-1.0038286,0.20052433,-0.048758656,0.0,0.0,0
0.52917606,0.6925339,0.4639204,-0.98209065,0.19862653,-0.03795576,0.0,0.0,2
0.5337202,0.6698136,0.45436344,-1.0098003,0.1986827,0.0011226006,0.0,0.0,1
0.53822184,0.6473086,0.44980422,-1.0002729,0.19904152,0.0071759867,0.0,0.0,2
0.5428171,0.62422687,0.46156836,-1.0255817,0.19698958,-0.041038346,0.0,0.0,3
0.5473353,0.6005334,0.45191455,-1.053028,0.196891,-0.0019717882,0.0,0.0,1
0.5518535,0.57624,0.4519146,-1.0796946,0.19679241,-0.0019714877,0.0,0.0,0
0.5563717,0.5513466,0.4519146,-1.1063613,0.19669382,-0.0019714064,0.0,0.0,0
0.5608899,0.52585316,0.4519146,-1.1330279,0.19659524,-0.0019713603,0.0,0.0,0
0.56538785,0.50096744,0.44925871,-1.1061018,0.19713151,0.010725375,0.0,0.0,2
0.5698856,0.47548178,0.44925866,-1.1327684,0.19766779,0.010725599,0.0,0.0,0
0.57416344,0.45043153,0.4276112,-1.1133641,0.19783255,0.003295096,0.0,0.0,2
0.57823765,0.4259112,0.4074934,-1.0897843,0.19775881,-0.0014748416,0.0,0.0,2
0.5822953,0.4016865,0.40538245,-1.076709,0.19815244,0.00787279,0.0,0.0,2
0.58641607,0.37687242,0.41327482,-1.1026857,0.19694531,-0.024142914,0.0,0.0,3
0.59062254,0.35147774,0.4240331,-1.128207,0.19354081,-0.06809013,0.0,0.0,3
0.5947515,0.3254654,0.41429764,-1.1559205,0.1921255,-0.028306425,0.0,0.0,1
0.5988803,0.2988531,0.41429773,-1.1825873,0.19071017,-0.028306153,0.0,0.0,0
0.60306704,0.27166623,0.4216166,-1.2079293,0.18776071,-0.058989186,0.0,0.0,3
0.6071722,0.2438598,0.41135535,-1.2357365,0.1869104,-0.017005462,0.0,0.0,1
0.6110775,0.2165946,0.39164343,-1.2116463,0.18580674,-0.02207442,0.0,0.0,2
0.6150093,0.18974756,0.3935789,-1.19315,0.18540189,-0.008097102,0.0,0.0,2
0.61882514,0.16329189,0.381954,-1.1757623,0.1850334,-0.0073696836,0.0,0.0,2
0.6227066,0.13626452,0.39024702,-1.2009548,0.18292986,-0.042070657,0.0,0.0,3
0.62658805,0.10863727,0.3902471,-1.2276217,0.18082635,-0.04207046,0.0,0.0,0
0.63055193,0.08043824,0.40062332,-1.2527831,0.17657639,-0.08499958,0.0,0.0,3
0.6341702,0.05306891,0.36686832,-1.2158234,0.1715275,-0.1009777,0.0,1.0,2
0.63765657,0.0266857,0.3526747,-1.1715968,0.16677524,-0.09579169,1.0,1.0,0
0.6398527,0.01150261,4.1427054e-08,2.4125017e-08,0.17518266,-1.9440463e-07,1.0,1.0,2
-0.01400671,1.410395,-0.7083946,-0.024546122,0.016061427,0.15881132,0.0,0.0,0
-0.020932864,1.4092482,-0.6986612,-0.05105098,0.022038892,0.11956024,0.0,0.0,3
-0.027792644,1.4074944,-0.69032246,-0.07801668,0.026343945,0.086108826,0.0,0.0,3
-0.03483219,1.4064609,-0.7075512,-0.04599666,0.029898612,0.07109989,0.0,0.0,2
-0.041871928,1.4048274,-0.70756066,-0.07267686,0.033452995,0.07109396,0.0,0.0,0
-0.049073316,1.4035527,-0.7230503,-0.056726757,0.03633739,0.05769347,0.0,0.0,2
-0.056274794,1.4016776,-0.72305804,-0.08340359,0.039221928,0.057695784,0.0,0.0,0
-0.06356468,1.399201,-0.7341518,-0.110219084,0.04432869,0.102144636,0.0,0.0,1
-0.07085476,1.3961246,-0.7341678,-0.13688965,0.0494337,0.102109596,0.0,0.0,0
-0.07831621,1.393828,-0.75069004,-0.1022255,0.053942777,0.09018968,0.0,0.0,2
-0.085858345,1.390918,-0.760831,-0.12958287,0.060492914,0.1310145,0.0,0.0,1
-0.09340076,1.3874087,-0.7608515,-0.15624961,0.0670409,0.13097164,0.0,0.0,0
-0.10112514,1.3844581,-0.77842873,-0.13142155,0.07297584,0.118709885,0.0,0.0,2
-0.10884972,1.3809077,-0.7784444,-0.15810291,0.07891044,0.11870275,0.0,0.0,0
-0.11664848,1.3767502,-0.7877327,-0.1852023,0.08670901,0.15598564,0.0,0.0,1
-0.12451229,1.3719813,-0.7958982,-0.2125282,0.09615249,0.18888703,0.0,0.0,1
-0.13244143,1.366604,-0.8040746,-0.23974872,0.10723937,0.22175789,0.0,0.0,1
-0.14025469,1.3613933,-0.79326254,-0.2324832,0.11912103,0.23765442,0.0,0.0,2
-0.14798155,1.3556113,-0.78237283,-0.25777966,0.12876527,0.19290176,0.0,0.0,3
-0.1557785,1.3492103,-0.7911492,-0.2855218,0.14019991,0.22871351,0.0,0.0,1
-0.16380873,1.3432691,-0.8138461,-0.26510325,0.15101622,0.21634588,0.0,0.0,2
-0.1719141,1.3367047,-0.823277,-0.29309833,0.16376881,0.25507417,0.0,0.0,1
-0.17995691,1.3295511,-0.81539965,-0.3192007,0.17491888,0.22302122,0.0,0.0,3
-0.18806115,1.3217896,-0.8230497,-0.34649843,0.1876124,0.25389314,0.0,0.0,1
-0.19615822,1.3134212,-0.82271147,-0.3736239,0.20070592,0.26187915,0.0,0.0,0
-0.20426059,1.3044426,-0.82281685,-0.40080118,0.21339718,0.25382495,0.0,0.0,0
-0.21236058,1.2961369,-0.82338554,-0.37113935,0.22692938,0.27064434,0.0,0.0,2
-0.22051497,1.2883561,-0.82930577,-0.34800604,0.240997,0.2813523,0.0,0.0,2
-0.22866979,1.279978,-0.8292999,-0.37468898,0.25506443,0.28134853,0.0,0.0,0
-0.23682499,1.2710024,-0.8292937,-0.4013718,0.26913163,0.2813444,0.0,0.0,0
-0.24504304,1.2613952,-0.8371852,-0.4298932,0.28490824,0.31553227,0.0,0.0,1
-0.25316995,1.2512318,-0.8256149,-0.45428517,0.29821882,0.26621228,0.0,0.0,3
-0.2612974,1.2404708,-0.82560843,-0.48096615,0.31152925,0.26620907,0.0,0.0,0
-0.26934862,1.2291521,-0.815907,-0.5054007,0.32273132,0.22404131,0.0,0.0,3
-0.27746934,1.2172059,-0.82458794,-0.53378326,0.33578718,0.2611172,0.0,0.0,1
-0.28559056,1.2046621,-0.824581,-0.56046355,0.3488429,0.26111412,0.0,0.0,0
-0.29398647,1.1928592,-0.85220194,-0.52768576,0.3621181,0.26550335,0.0,0.0,2
-0.3023829,1.1804585,-0.852194,-0.55436635,0.37539306,0.2655001,0.0,0.0,0
-0.31069294,1.1675161,-0.84115046,-0.57792133,0.3861787,0.21571307,0.0,0.0,3
-0.31905952,1.1539448,-0.8482186,-0.60634655,0.39852533,0.24693234,0.0,0.0,1
-0.32737383,1.1398174,-0.8414653,-0.63073903,0.40929136,0.21532011,0.0,0.0,3
-0.33592838,1.1258056,-0.86531323,-0.6256276,0.41991645,0.2125016,0.0,0.0,2
-0.3443984,1.111245,-0.8545945,-0.64941806,0.42813838,0.1644385,0.0,0.0,3
-0.35278815,1.0961443,-0.84435606,-0.67279327,0.4339784,0.116801515,0.0,0.0,3
-0.3611781,1.080444,-0.8443543,-0.69946253,0.4398185,0.11680126,0.0,0.0,0
-0.3695682,1.0641439,-0.84435254,-0.72613174,0.44565853,0.11680101,0.0,0.0,0
-0.37789312,1.0472887,-0.8360877,-0.75027406,0.44959405,0.078710504,0.0,0.0,3
-0.38621813,1.0298337,-0.83608687,-0.7769419,0.45352957,0.07871047,0.0,0.0,0
-0.3946105,1.0117244,-0.8446833,-0.80663407,0.45951346,0.11967764,0.0,0.0,1
-0.40300304,0.9930157,-0.84468126,-0.8333035,0.46549731,0.11967733,0.0,0.0,0
-0.4113957,0.9737074,-0.8446792,-0.85997283,0.47148117,0.11967702,0.0,0.0,0
-0.41986713,0.9537333,-0.8547141,-0.89033735,0.47988993,0.16817501,0.0,0.0,1
-0.42840308,0.9331086,-0.8628923,-0.9199091,0.49025792,0.2073596,0.0,0.0,1
-0.43693948,0.91188526,-0.8628861,-0.94658375,0.50062585,0.20735808,0.0,0.0,0
-0.44547635,0.8900631,-0.8628796,-0.9732584,0.51099366,0.20735653,0.0,0.0,0
-0.45396262,0.8676885,-0.85633075,-0.9973409,0.5197397,0.17492059,0.0,0.0,3
-0.46237198,0.84477025,-0.846599,-1.0207615,0.52618533,0.12891248,0.0,0.0,3
-0.47070757,0.82132405,-0.8370961,-1.0434355,0.53022754,0.08084373,0.0,0.0,3
-0.47949725,0.7985772,-0.8826808,-1.0124252,0.53448486,0.085145846,0.0,0.0,2
-0.48860234,0.7765483,-0.91492635,-0.9808153,0.5395562,0.10142722,0.0,0.0,2
-0.49804625,0.7549603,-0.9490514,-0.9613444,0.5449323,0.10752194,0.0,0.0,2
-0.50755763,0.732709,-0.95767355,-0.9916062,0.55248886,0.15113083,0.0,0.0,1
-0.5170153,0.70992166,-0.9506401,-1.0147914,0.5581557,0.113336906,0.0,0.0,3
-0.52664983,0.6873532,-0.9688695,-1.0053056,0.56446564,0.12619913,0.0,0.0,2
-0.5366022,0.6650986,-1.0008588,-0.9914815,0.5710408,0.1315038,0.0,0.0,2
-0.54660547,0.6421958,-1.0073276,-1.0209249,0.5792726,0.16463663,0.0,0.0,1
-0.5566775,0.6186164,-1.0161731,-1.05192,0.5898819,0.21218579,0.0,0.0,1
-0.5669697,0.59501797,-1.0382445,-1.0528877,0.60064167,0.21519569,0.0,0.0,2
-0.57732236,0.5707493,-1.0459989,-1.0835732,0.61354035,0.25797364,0.0,0.0,1
-0.58772635,0.54581976,-1.0525526,-1.1137637,0.62827796,0.29475257,0.0,0.0,1
-0.59867966,0.52131623,-1.1071976,-1.0948676,0.64281976,0.29083616,0.0,0.0,2
-0.6097613,0.4968034,-1.1203873,-1.0956523,0.6579781,0.30316696,0.0,0.0,2
-0.6214118,0.4725458,-1.1767652,-1.0842317,0.67266756,0.29378942,0.0,0.0,2
-0.6331285,0.44759876,-1.1852459,-1.1160811,0.6899045,0.34473854,0.0,0.0,1
-0.64491254,0.42198217,-1.1935639,-1.1470081,0.7094486,0.39088094,0.0,0.0,1
-0.65692073,0.3962532,-1.2158728,-1.1522815,0.7291852,0.39473245,0.0,0.0,2
-0.66893125,0.36992812,-1.2158403,-1.178973,0.74892133,0.3947219,0.0,0.0,0
-0.6809441,0.34300685,-1.2158072,-1.2056639,0.7686569,0.39471132,0.0,0.0,0
-0.6933907,0.31615865,-1.2589116,-1.2026018,0.78839296,0.39472058,0.0,0.0,2
-0.70660436,0.28957808,-1.334907,-1.1905988,0.80752575,0.38265646,0.0,0.0,2
-0.715673,0.28757975,-0.9836092,-0.16964322,0.917492,2.1573114,0.0,1.0,2
-0.72434247,0.2916397,-0.94854605,0.097678594,1.0622859,2.8933933,0.0,1.0,1
-0.73315114,0.2952758,-0.94250613,0.07555161,1.2037022,2.8285441,0.0,1.0,3
-0.74212325,0.29840147,-0.94002837,0.04795434,1.3450364,2.8268542,0.0,0.0,0
-0.7522642,0.3014884,-1.0373062,0.042921588,1.4866604,2.8326478,0.0,0.0,2
-0.7625748,0.30400085,-1.0340183,0.015953451,1.6284792,2.8364213,0.0,0.0,0
-0.7730595,0.30577993,-1.0306685,-0.017531898,1.7726663,2.883789,0.0,0.0,1
-0.7837181,0.3067722,-1.0265558,-0.051465686,1.9194728,2.9361784,0.0,0.0,1
-0.794533,0.30693206,-1.0203758,-0.08522543,2.06899,2.990398,0.0,0.0,1
-0.8055535,0.30647266,-1.0228323,-0.10396229,2.215418,2.9286141,0.0,0.0,3
-0.81668484,0.30515242,-1.0151297,-0.13454364,2.3637526,2.9667459,0.0,0.0,1
-0.82853514,0.3021699,-1.07139,-0.19788098,2.5119557,2.9641201,0.0,0.0,2
-0.8411596,0.29739076,-1.1353452,-0.26601687,2.6605875,2.9746585,0.0,0.0,2
-0.85387105,0.29175168,-1.1338251,-0.29107603,2.8089516,2.9701703,0.0,0.0,0
-0.8669867,0.28440064,-1.166365,-0.35325813,2.9577472,2.9789405,0.0,0.0,2
-0.88013566,0.27616146,-1.1656243,-0.37808022,3.106317,2.9744263,0.0,0.0,0
-0.8932212,0.26703086,-1.156789,-0.40274858,3.2563608,3.0039763,0.0,0.0,1
-0.9062816,0.25700527,-1.1568954,-0.42747477,3.4061732,2.9993477,0.0,0.0,0
-0.9192879,0.2460944,-1.1574337,-0.4522391,3.5557559,2.9947402,0.0,0.0,0
-0.9322128,0.2343145,-1.1583889,-0.4770838,3.7051103,2.9901538,0.0,0.0,0
-0.94511217,0.22162844,-1.1697628,-0.5057153,3.8518054,2.9368594,0.0,0.0,3
-0.9580014,0.21454032,-1.2184632,-0.057148,3.976257,2.3074553,0.0,0.0,2
-0.0129265785,1.4079914,-0.6608881,-0.07818803,0.017108541,0.19337457,0.0,0.0,1
-0.019527053,1.4056293,-0.67209494,-0.10516076,0.029013585,0.23812313,0.0,0.0,1
-0.026042175,1.4026731,-0.661352,-0.13160156,0.03875322,0.1948108,0.0,0.0,3
-0.03270807,1.399887,-0.6758013,-0.12410054,0.04786721,0.18229662,0.0,0.0,2
-0.03953867,1.3971012,-0.69156826,-0.12410847,0.05628583,0.16838826,0.0,0.0,2
-0.04643955,1.3937045,-0.70037115,-0.1513744,0.06647329,0.20376818,0.0,0.0,1
-0.053248405,1.3897245,-0.6888098,-0.17726971,0.07431954,0.15693939,0.0,0.0,3
-0.060034942,1.3863071,-0.6869542,-0.15230821,0.08254628,0.16455022,0.0,0.0,2
-0.06673946,1.3822911,-0.6766592,-0.1788465,0.0887052,0.123189606,0.0,0.0,3
-0.0734251,1.379164,-0.67528,-0.13939455,0.09537023,0.13331306,0.0,0.0,2
-0.08011103,1.3754373,-0.6752971,-0.16607915,0.1020334,0.13327566,0.0,0.0,0
-0.08687611,1.3711044,-0.6852118,-0.19319005,0.11068598,0.17306732,0.0,0.0,1
-0.09366407,1.3671889,-0.6877439,-0.1746997,0.11958304,0.17795758,0.0,0.0,2
-0.10053082,1.3626542,-0.69760954,-0.2024561,0.13048588,0.21807654,0.0,0.0,1
-0.107317165,1.3575476,-0.6874789,-0.2277486,0.13929886,0.17627585,0.0,0.0,3
-0.114171125,1.3518345,-0.695904,-0.25492766,0.14980559,0.21015343,0.0,0.0,1
-0.121025465,1.3455229,-0.6959332,-0.2816075,0.1603095,0.21009724,0.0,0.0,0
-0.12788686,1.3395023,-0.6970254,-0.26879162,0.17122452,0.2183201,0.0,0.0,2
-0.1347805,1.3339933,-0.7006695,-0.24618603,0.18257982,0.22712651,0.0,0.0,2
-0.14167471,1.3278859,-0.7006972,-0.27287397,0.19393314,0.22708707,0.0,0.0,0
-0.14875802,1.3219252,-0.71917975,-0.26637277,0.20486812,0.21871892,0.0,0.0,2
-0.15593252,1.3153276,-0.7306359,-0.29510826,0.21820149,0.26669103,0.0,0.0,1
-0.16317244,1.3081079,-0.73881346,-0.3231365,0.23323403,0.30067778,0.0,0.0,1
-0.1704131,1.3002908,-0.7388492,-0.3498301,0.24826394,0.30062506,0.0,0.0,0
-0.17765102,1.291856,-0.73852855,-0.377448,0.2632933,0.30058694,0.0,0.0,0
-0.18495187,1.2828032,-0.7463421,-0.4053547,0.27995473,0.3332288,0.0,0.0,1
-0.19254379,1.2741423,-0.7749504,-0.38803884,0.2961654,0.3242135,0.0,0.0,2
-0.2000556,1.2649255,-0.7647283,-0.4124528,0.3101687,0.28006637,0.0,0.0,3
-0.20750971,1.2551415,-0.7573517,-0.4374431,0.32257128,0.24805129,0.0,0.0,3
-0.2149016,1.2447917,-0.74943984,-0.4623038,0.3332543,0.21366088,0.0,0.0,3
-0.22236252,1.2338089,-0.7580956,-0.49095455,0.34582034,0.25132045,0.0,0.0,1
-0.229738,1.2222688,-0.74727476,-0.51525694,0.3560445,0.20448303,0.0,0.0,3
-0.23705359,1.2101629,-0.7396647,-0.5400706,0.3645959,0.17102794,0.0,0.0,3
-0.24467692,1.1980163,-0.7697416,-0.541758,0.3724314,0.15671039,0.0,0.0,2
-0.25258836,1.1863134,-0.7984609,-0.52205175,0.3801962,0.15529618,0.0,0.0,2
-0.26091784,1.1751922,-0.83982545,-0.49613354,0.38751647,0.14640507,0.0,0.0,2
-0.26917353,1.1635078,-0.8305252,-0.5206602,0.39280692,0.105808854,0.0,0.0,3
-0.27749267,1.1511868,-0.8385293,-0.54945046,0.39988515,0.14156441,0.0,0.0,1
-0.28581196,1.1382663,-0.8385269,-0.57612103,0.40696335,0.1415635,0.0,0.0,0
-0.29419398,1.1246958,-0.84652835,-0.60555494,0.41592705,0.17927432,0.0,0.0,1
-0.30257636,1.1105261,-0.8465244,-0.63222784,0.42489073,0.17927332,0.0,0.0,0
-0.31095895,1.0957576,-0.8465203,-0.6589006,0.43385434,0.17927244,0.0,0.0,0
-0.3196427,1.0818974,-0.877226,-0.61877686,0.4435086,0.1930852,0.0,0.0,2
-0.3283268,1.0674382,-0.8772209,-0.6454506,0.4531628,0.19308397,0.0,0.0,0
-0.3370112,1.0523801,-0.87721574,-0.67212427,0.46281692,0.19308268,0.0,0.0,0
-0.34563643,1.0367734,-0.869596,-0.69600284,0.47063485,0.15635832,0.0,0.0,3
-0.3541873,1.0206312,-0.86004984,-0.71912766,0.47614166,0.11013633,0.0,0.0,3
-0.36273822,1.0038893,-0.860048,-0.7457965,0.48164847,0.110136054,0.0,0.0,0
-0.37128934,0.9865478,-0.86004627,-0.77246547,0.48715526,0.110135935,0.0,0.0,0
-0.3799216,0.9685292,-0.87046754,-0.80341566,0.49526414,0.16217749,0.0,0.0,1
-0.38850474,0.94996333,-0.8640772,-0.8272331,0.50173485,0.12941395,0.0,0.0,3
-0.39703712,0.9308424,-0.8575635,-0.85141313,0.5066099,0.09750095,0.0,0.0,3
-0.4055696,0.91112167,-0.8575622,-0.8780815,0.511485,0.09750083,0.0,0.0,0
-0.41410223,0.89080125,-0.85756075,-0.9047499,0.51636,0.09750066,0.0,0.0,0
-0.42263493,0.86988103,-0.8575592,-0.93141824,0.521235,0.09750051,0.0,0.0,0
-0.43116775,0.84836113,-0.8575578,-0.9580866,0.52611,0.09749983,0.0,0.0,0
-0.44002667,0.8274638,-0.89067143,-0.9306305,0.5315729,0.10925738,0.0,0.0,2
-0.44882852,0.8060216,-0.88333,-0.9542294,0.53518075,0.07215705,0.0,0.0,3
-0.45770922,0.78390425,-0.8934336,-0.9851276,0.5413444,0.12327325,0.0,0.0,1
-0.46665773,0.7611357,-0.90197295,-1.014812,0.5495606,0.1643242,0.0,0.0,1
-0.47565794,0.73770934,-0.9086288,-1.0447195,0.5595531,0.19984949,0.0,0.0,1
-0.48459285,0.7137494,-0.9001932,-1.0677085,0.56737596,0.15645686,0.0,0.0,3
-0.49358267,0.6891505,-0.9070346,-1.096739,0.5768335,0.18915029,0.0,0.0,1
-0.5025166,0.6640193,-0.89973164,-1.1197067,0.58430237,0.149378,0.0,0.0,3
-0.51145095,0.6382887,-0.8997278,-1.1463773,0.59177125,0.14937738,0.0,0.0,0
-0.52043146,0.61190075,-0.9057161,-1.17626,0.6009133,0.18284075,0.0,0.0,1
-0.5293592,0.58496225,-0.8989679,-1.20011,0.608339,0.14851394,0.0,0.0,3
-0.5383609,0.5573365,-0.90850556,-1.2317222,0.61839986,0.20121643,0.0,0.0,1
-0.54742634,0.52903956,-0.9166497,-1.26249,0.6306875,0.24575219,0.0,0.0,1
-0.5565643,0.5000618,-0.9258669,-1.2938579,0.64551246,0.2964997,0.0,0.0,1
-0.5656342,0.4705667,-0.9169464,-1.3159565,0.6578714,0.2471788,0.0,0.0,3
-0.5748905,0.4411404,-0.9359511,-1.3132182,0.67080873,0.25874624,0.0,0.0,2
-0.58414763,0.41111585,-0.93593806,-1.3398958,0.6837459,0.25874326,0.0,0.0,0
-0.5939063,0.38177013,-0.9865087,-1.3101175,0.697375,0.27258128,0.0,0.0,2
-0.6036659,0.35182616,-0.9864939,-1.3367962,0.7110039,0.27257818,0.0,0.0,0
-0.6134266,0.32128417,-0.9864788,-1.3634747,0.7246326,0.2725747,0.0,0.0,0
-0.62312126,0.2902385,-0.9777457,-1.3847436,0.73559964,0.2193398,0.0,0.0,3
-0.6328641,0.25852263,-0.9839406,-1.4154893,0.74851996,0.25840598,0.0,0.0,1
-0.64255893,0.22627945,-0.97755796,-1.4380795,0.7594552,0.21870463,0.0,0.0,3
-0.6522544,0.19343749,-0.97754765,-1.4647534,0.77039033,0.21870287,0.0,0.0,0
-0.66201574,0.15989329,-0.98604286,-1.4973458,0.7841046,0.2742852,0.0,0.0,1
-0.67171955,0.12584797,-0.9783314,-1.518465,0.7952449,0.22280605,0.0,0.0,3
-0.6814802,0.091109,-0.9856801,-1.5505683,0.8088812,0.27272695,0.0,0.0,1
-0.6911859,0.055843744,-0.9785615,-1.5729917,0.82037383,0.22985275,0.0,0.0,3
-0.7009388,0.019918952,-0.9844119,-1.6032581,0.8336587,0.26569706,0.0,0.0,1
-0.71073127,-0.01667768,-0.9894822,-1.6341356,0.8488028,0.30288264,0.0,0.0,1
-0.7205689,-0.053952303,-0.9951844,-1.6654336,0.86601317,0.34420782,0.0,0.0,1
-0.73084086,-0.090950586,-1.0388757,-1.6536738,0.88397956,0.35932797,0.0,0.0,2
-0.7411151,-0.12854615,-1.0388445,-1.6803577,0.90194553,0.35931996,0.0,0.0,0
-0.7513443,-0.16665561,-1.0327402,-1.7021534,0.9177093,0.31527495,0.0,1.0,3
-0.7608249,-0.171234,-1.0372559,-0.372155,1.041242,2.2920165,0.0,1.0,0
-0.7720469,-0.16579176,-1.184468,0.08713218,1.1735053,2.5170846,0.0,1.0,1
-0.7836725,-0.16195878,-1.1939862,0.05402888,1.2993913,2.4688556,0.0,1.0,1
-0.7957558,-0.15912758,-1.2327225,0.036721528,1.4250944,2.5106921,0.0,0.0,2
-0.8079764,-0.15709941,-1.2336605,0.004564793,1.5525602,2.5523102,0.0,0.0,1
-0.82089186,-0.15569317,-1.2867061,-0.023223078,1.6797957,2.5470138,0.0,0.0,2
-0.8343265,-0.15525143,-1.3225721,-0.064353876,1.8060467,2.5271914,0.0,0.0,2
-0.84789747,-0.15546519,-1.3205658,-0.09095552,1.9321443,2.524088,0.0,0.0,0
-0.8616239,-0.15623145,-1.3224324,-0.10996176,2.055197,2.4630466,0.0,0.0,3
-0.8754312,-0.15779117,-1.3157275,-0.14173332,2.1803894,2.5058968,0.0,0.0,1
-0.8893498,-0.16007434,-1.3139042,-0.16784103,2.3054276,2.5028205,0.0,0.0,0
-0.90336823,-0.16310029,-1.3121957,-0.19379465,2.4303145,2.4997842,0.0,0.0,0
-0.91742414,-0.16695763,-1.3040444,-0.2235353,2.5570152,2.5361238,0.0,0.0,1
-0.9315105,-0.17165321,-1.2967074,-0.2522801,2.6851864,2.5655959,0.0,0.0,1
-0.9456572,-0.17714591,-1.2954538,-0.2777804,2.8131943,2.5623262,0.0,0.0,0
-0.9597833,-0.18348637,-1.2863193,-0.30527744,2.942831,2.5949683,0.0,0.0,1
-0.97385055,-0.19067469,-1.2748898,-0.33200234,3.0744932,2.63556,0.0,0.0,1
-0.98782635,-0.19870268,-1.2621181,-0.3576102,3.2084348,2.681251,0.0,0.0,1
-1.0018891,-0.20756888,-1.273892,-0.3830203,3.3402455,2.6384542,0.0,0.0,3
0.012050247,1.4237036,0.6094281,0.27119023,-0.013805207,-0.13662168,0.0,0.0,0
0.018166255,1.4292111,0.6208171,0.24467006,-0.022910642,-0.1821257,0.0,0.0,3
0.024282645,1.4341197,0.62084526,0.21799348,-0.032013804,-0.18207997,0.0,0.0,0
0.030385876,1.4389707,0.6196408,0.21536833,-0.041235693,-0.18445511,0.0,0.0,2
0.03648939,1.4432224,0.6196677,0.18868951,-0.050455995,-0.18442303,0.0,0.0,0
0.04259329,1.4468753,0.6196946,0.16201666,-0.05967488,-0.18439443,0.0,0.0,0
0.04875946,1.449928,0.6274982,0.13521394,-0.07045167,-0.215556,0.0,0.0,3
0.055004407,1.4523675,0.63736117,0.10776654,-0.083212994,-0.25524995,0.0,0.0,3
0.06124983,1.4542093,0.6373983,0.08108528,-0.095971696,-0.25519735,0.0,0.0,0
0.06749582,1.455453,0.6374344,0.054403402,-0.108728684,-0.2551633,0.0,0.0,0
0.07374239,1.4560989,0.6374697,0.027721098,-0.1214836,-0.25512153,0.0,0.0,0
0.07998943,1.4561467,0.6375048,0.0010382619,-0.1342364,-0.25507933,0.0,0.0,0
0.08623715,1.4555967,0.6375395,-0.02564503,-0.1469871,-0.2550373,0.0,0.0,0
0.092607975,1.4551064,0.64955586,-0.023074826,-0.15946685,-0.24961813,0.0,0.0,2
0.099006176,1.4554088,0.65283537,0.01200004,-0.17251205,-0.2609277,0.0,0.0,2
0.10549612,1.4550896,0.6643078,-0.016041847,-0.18790065,-0.30779973,0.0,0.0,3
0.112054154,1.4541445,0.6728391,-0.044253055,-0.20506528,-0.34332383,0.0,0.0,3
0.118711375,1.4540935,0.6831838,-0.0047922814,-0.22272296,-0.35318556,0.0,0.0,2
0.12536964,1.4534459,0.6832216,-0.031503357,-0.2403775,-0.35312247,0.0,0.0,0
0.13211164,1.4521687,0.6936463,-0.060064856,-0.26021802,-0.39684647,0.0,0.0,3
0.1387783,1.4503311,0.6840071,-0.08485465,-0.27799287,-0.35552913,0.0,0.0,1
0.14542274,1.4484688,0.68227136,-0.086261556,-0.29635698,-0.36731523,0.0,0.0,2
0.15197524,1.4460537,0.6705259,-0.110524826,-0.31218973,-0.3166822,0.0,0.0,1
0.15852872,1.4430418,0.6705583,-0.13722022,-0.32802117,-0.31665736,0.0,0.0,0
0.16534948,1.4398428,0.69684106,-0.14560123,-0.34346431,-0.30887395,0.0,0.0,2
0.17255029,1.4370438,0.7338347,-0.12775132,-0.35791865,-0.28908643,0.0,0.0,2
0.17969199,1.4336923,0.7261983,-0.15199487,-0.37061888,-0.25400513,0.0,0.0,1
0.18690625,1.4296995,0.7353071,-0.18112557,-0.38535613,-0.29474428,0.0,0.0,3
0.19405413,1.4251623,0.7267231,-0.20493451,-0.3980934,-0.25474638,0.0,0.0,1
0.20120278,1.420027,0.7267153,-0.23161381,-0.4108306,-0.25474337,0.0,0.0,0
0.20856886,1.4153643,0.7487781,-0.21082808,-0.42396554,-0.2626993,0.0,0.0,2
0.2161024,1.4112754,0.76615965,-0.1856391,-0.43788415,-0.2783724,0.0,0.0,2
0.22363663,1.406589,0.7661494,-0.21232061,-0.45180258,-0.27836865,0.0,0.0,0
0.2310874,1.4013656,0.7554611,-0.23555864,-0.46322918,-0.22853163,0.0,0.0,1
0.2384676,1.3956022,0.74639636,-0.25896513,-0.47248083,-0.18503292,0.0,0.0,1
0.24617043,1.3907492,0.77933013,-0.21879952,-0.4825231,-0.20084612,0.0,0.0,2
0.25394648,1.3852437,0.7885271,-0.24856181,-0.49473903,-0.24431889,0.0,0.0,3
0.26172304,1.3791398,0.7885182,-0.27523953,-0.50695485,-0.24431634,0.0,0.0,0
0.26981038,1.3732362,0.81946135,-0.26640338,-0.5191128,-0.24315968,0.0,0.0,2
0.27796698,1.366668,0.8282565,-0.29679358,-0.5334976,-0.2876953,0.0,0.0,3
0.28612453,1.3595022,0.8282434,-0.32347536,-0.54788214,-0.28769118,0.0,0.0,0
0.29421195,1.3517983,0.81923753,-0.3467113,-0.56005156,-0.24338794,0.0,0.0,1
0.30230016,1.3434962,0.8192278,-0.37338862,-0.57222086,-0.24338548,0.0,0.0,0
0.3108198,1.3355429,0.8622101,-0.35792932,-0.58429736,-0.24152958,0.0,0.0,2
0.31957626,1.327542,0.885828,-0.360147,-0.5963996,-0.24204497,0.0,0.0,2
0.3282768,1.3189995,0.8785879,-0.38356292,-0.6066121,-0.20424935,0.0,0.0,1
0.33691186,1.3099294,0.8700992,-0.40619713,-0.6145591,-0.15894112,0.0,0.0,1
0.3455472,1.3002598,0.87009466,-0.43286818,-0.62250614,-0.15894046,0.0,0.0,0
0.35455006,1.2905182,0.90645444,-0.43593487,-0.6300218,-0.1503139,0.0,0.0,2
